CustomerID,Recency,Frequency,Monetary,Segment,exp_spend,ml_spend
12347.0,2,7,4310.0,Champions,809.08,2687.91
12348.0,75,4,1437.24,At risk,243.9,577.35
12349.0,19,1,1457.55,Recent / one-off,344.62,748.99
12350.0,310,1,294.4,Hibernating,79.43,116.7
12352.0,36,6,1265.41,Loyal,336.17,683.91
12353.0,204,1,89.0,Hibernating,110.22,49.22
12354.0,232,1,1079.4,Hibernating,99.99,256.75
12355.0,214,1,459.4,Hibernating,106.33,100.86
12356.0,23,3,2487.43,Loyal,206.68,985.03
12357.0,33,1,6207.67,Recent / one-off,294.17,1577.18
12358.0,2,2,928.06,Recent / one-off,347.33,183.42
12359.0,58,4,6140.48,At risk,1275.2,5338.17
12360.0,52,3,2302.06,At risk,559.14,1054.95
12361.0,287,1,174.9,Hibernating,84.56,67.99
12362.0,3,10,4665.58,Champions,1135.98,2535.71
12363.0,110,2,552.0,Hibernating,176.7,238.5
12364.0,8,4,1208.1,Loyal,502.24,521.16
12365.0,291,1,320.69,Hibernating,83.62,46.54
12367.0,4,1,150.9,Recent / one-off,410.3,118.92
12370.0,51,4,3421.94,Loyal,449.49,2413.85
12371.0,60,1,1527.96,Hibernating,234.63,508.55
12372.0,72,3,1196.04,At risk,289.18,540.2
12373.0,311,1,324.6,Hibernating,79.22,64.12
12374.0,25,1,622.93,Recent / one-off,319.08,291.44
12375.0,11,2,375.42,Recent / one-off,296.92,165.81
12377.0,315,2,1548.12,Hibernating,184.34,156.22
12378.0,130,1,4008.62,Hibernating,151.88,2193.65
12379.0,82,2,775.29,Hibernating,265.68,313.48
12380.0,22,4,2423.56,Loyal,767.3,1103.16
12381.0,5,3,1433.46,Loyal,391.59,623.61
12383.0,185,5,1617.31,At risk,307.5,382.9
12384.0,29,2,406.16,Recent / one-off,272.36,277.55
12386.0,338,2,401.9,Hibernating,106.6,69.08
12388.0,16,6,2780.66,Champions,613.09,1400.68
12390.0,80,1,504.84,Hibernating,203.03,736.28
12391.0,22,1,439.66,Recent / one-off,333.19,300.14
12393.0,72,4,1582.6,At risk,330.37,775.27
12394.0,64,2,1080.48,Hibernating,322.52,409.7
12395.0,19,12,2662.28,Loyal,563.49,1487.81
12397.0,36,2,2214.9,Recent / one-off,595.92,852.45
12398.0,46,1,1435.66,Recent / one-off,263.33,456.79
12399.0,119,4,1033.65,At risk,309.4,469.05
12401.0,303,1,69.3,Hibernating,80.93,16.5
12402.0,323,1,195.6,Hibernating,76.8,73.26
12403.0,50,1,391.7,Recent / one-off,254.44,233.24
12405.0,149,1,1390.39,Hibernating,138.61,480.25
12406.0,22,2,3280.75,Recent / one-off,696.55,1110.9
12407.0,50,5,1507.12,Loyal,448.9,755.6
12408.0,33,5,2587.7,Loyal,590.91,1209.82
12409.0,79,3,11057.73,At risk,1742.36,4877.59
12410.0,309,2,521.08,Hibernating,79.85,62.86
12412.0,75,3,1142.88,At risk,384.95,630.66
12413.0,67,3,676.15,At risk,144.0,229.4
12414.0,217,3,442.41,At risk,168.98,107.84
12415.0,24,19,123638.18,Loyal,25666.76,34134.4
12417.0,3,9,3155.8,Champions,697.12,1368.73
12418.0,113,1,668.58,Hibernating,166.1,800.14
12420.0,64,1,600.39,Hibernating,227.55,545.51
12421.0,16,4,639.04,Loyal,208.59,245.62
12422.0,96,3,683.56,At risk,187.35,230.29
12423.0,1,8,1624.11,Champions,390.39,563.55
12424.0,163,2,1760.96,Hibernating,130.22,736.11
12425.0,78,1,777.2,Hibernating,204.4,849.36
12426.0,195,1,510.73,Hibernating,114.41,129.38
12427.0,22,3,582.37,Loyal,157.02,239.08
12428.0,26,8,6366.0,Loyal,596.41,5096.15
12429.0,9,4,3388.4,Loyal,525.25,1601.47
12430.0,43,1,216.4,Recent / one-off,268.01,138.1
12431.0,36,15,6243.89,Loyal,1275.79,3535.72
12432.0,43,4,4359.32,Loyal,484.34,1256.41
12433.0,1,7,13375.87,Champions,2331.25,6766.38
12434.0,85,2,765.19,Hibernating,230.58,471.24
12435.0,80,2,7829.89,Hibernating,1001.89,2464.89
12436.0,100,1,429.01,Hibernating,178.92,295.72
12437.0,2,18,4392.66,Champions,1015.62,4153.57
12438.0,14,2,2466.85,Recent / one-off,803.14,780.72
12441.0,367,1,155.55,Hibernating,69.22,56.65
12442.0,3,1,144.06,Recent / one-off,415.96,130.67
12444.0,21,5,4085.46,Loyal,950.52,1487.71
12445.0,22,1,77.4,Recent / one-off,329.55,74.54
12446.0,58,1,1002.31,Hibernating,238.34,317.01
12447.0,243,1,431.49,Hibernating,96.47,104.78
12448.0,44,1,365.45,Recent / one-off,265.65,185.34
12449.0,22,4,3596.29,Loyal,1079.78,1209.17
12450.0,156,2,197.88,Hibernating,176.26,46.39
12451.0,11,5,8893.52,Loyal,1422.65,3628.23
12452.0,17,1,348.57,Recent / one-off,352.69,233.82
12453.0,134,1,707.09,Hibernating,148.14,546.97
12455.0,73,5,2339.86,At risk,259.4,1177.23
12456.0,44,3,2553.89,Loyal,566.52,1086.17
12457.0,82,4,1597.78,At risk,425.61,863.04
12458.0,71,2,787.4,Hibernating,193.98,506.67
12461.0,155,1,626.88,Hibernating,134.88,308.42
12462.0,19,2,872.01,Recent / one-off,157.4,416.47
12463.0,53,4,1165.63,At risk,356.67,520.47
12464.0,10,8,957.05,Champions,285.24,132.94
12465.0,17,2,673.89,Recent / one-off,234.1,326.91
12468.0,188,2,652.04,Hibernating,186.41,301.13
12471.0,2,27,16323.52,Champions,3077.76,6940.53
12472.0,32,7,5725.48,Loyal,950.66,4155.6
12473.0,54,3,2545.27,At risk,773.92,1036.71
12474.0,17,18,6434.77,Champions,1514.47,4669.32
12475.0,54,1,669.38,Hibernating,246.13,527.18
12476.0,16,11,5630.58,Champions,1250.56,4591.69
12477.0,23,6,13122.71,Loyal,2624.16,4839.71
12478.0,4,1,545.99,Recent / one-off,415.96,560.09
12479.0,11,1,423.3,Recent / one-off,374.6,341.09
12480.0,28,4,2885.63,Loyal,539.99,1460.04
12481.0,23,10,4998.36,Loyal,1071.24,3052.64
12483.0,17,8,1873.13,Champions,424.04,741.81
12484.0,35,4,3892.87,Loyal,698.69,2498.87
12488.0,10,3,1244.66,Loyal,650.78,1032.04
12489.0,336,1,298.93,Hibernating,74.34,83.68
12490.0,5,10,4859.93,Champions,1005.64,2650.37
12491.0,39,1,424.4,Recent / one-off,280.48,200.36
12492.0,63,2,227.21,Hibernating,255.21,125.18
12493.0,166,2,362.79,Hibernating,186.05,147.16
12494.0,16,7,995.35,Champions,287.11,224.03
12497.0,82,1,953.1,Hibernating,200.33,422.44
12498.0,21,3,349.7,Loyal,364.25,341.86
12500.0,23,11,4026.27,Loyal,910.81,2890.66
12501.0,337,1,1945.68,Hibernating,74.34,176.43
12502.0,96,5,2995.87,At risk,666.35,1388.96
12504.0,18,2,64.7,Recent / one-off,379.74,45.9
12506.0,233,1,73.5,Hibernating,99.99,31.82
12507.0,134,3,1011.56,At risk,255.71,479.29
12508.0,26,2,397.88,Recent / one-off,455.59,185.05
12509.0,284,1,158.5,Hibernating,85.28,50.55
12510.0,143,2,814.57,Hibernating,132.49,274.78
12512.0,66,2,132.18,Hibernating,222.51,91.91
12513.0,113,1,532.79,Hibernating,166.1,317.99
12514.0,267,1,1017.68,Hibernating,89.58,286.61
12515.0,353,1,278.7,Hibernating,71.35,120.35
12516.0,78,2,1186.06,Hibernating,347.56,1209.53
12517.0,28,4,2263.65,Loyal,639.46,1284.61
12518.0,1,5,1840.89,Loyal,956.59,1284.96
12519.0,64,1,276.84,Hibernating,227.55,280.28
12520.0,79,5,2294.51,At risk,475.43,1155.87
12521.0,143,1,545.68,Hibernating,142.54,180.17
12522.0,39,2,156.72,Recent / one-off,347.81,40.71
12523.0,19,11,1655.57,Loyal,442.87,839.47
12524.0,9,8,3945.72,Champions,896.05,2433.63
12526.0,1,3,1172.66,Loyal,573.67,1706.88
12527.0,82,3,330.71,At risk,139.05,79.42
12528.0,9,6,1634.28,Champions,373.36,637.6
12530.0,60,4,1461.63,At risk,328.8,492.0
12531.0,15,1,125.22,Recent / one-off,361.14,429.21
12532.0,30,1,313.83,Recent / one-off,303.04,375.44
12534.0,131,1,981.18,Hibernating,151.11,391.88
12535.0,92,2,716.35,Hibernating,243.67,336.99
12536.0,59,1,4151.26,Hibernating,234.63,886.78
12538.0,29,1,363.95,Recent / one-off,306.12,171.56
12539.0,22,4,5568.35,Loyal,903.35,2936.9
12540.0,20,17,11489.04,Loyal,2329.18,5874.8
12541.0,30,3,841.18,Loyal,237.3,354.43
12544.0,36,1,299.7,Recent / one-off,285.8,238.48
12545.0,75,2,832.39,Hibernating,175.99,335.88
12546.0,47,2,1001.5,Recent / one-off,425.23,588.3
12547.0,198,2,151.8,Hibernating,105.33,59.65
12548.0,166,1,67.2,Hibernating,128.01,50.46
12550.0,79,1,824.83,Hibernating,203.03,967.08
12551.0,358,1,168.0,Hibernating,70.68,67.99
12552.0,40,1,317.82,Recent / one-off,277.9,525.69
12553.0,8,10,3238.25,Champions,694.41,1670.83
12556.0,50,2,599.56,Recent / one-off,263.12,250.0
12557.0,16,5,11990.96,Champions,2302.09,4088.24
12559.0,311,2,500.21,Hibernating,105.9,62.42
12560.0,5,2,1884.23,Recent / one-off,396.6,633.42
12561.0,303,1,238.85,Hibernating,81.14,90.17
12562.0,8,7,3385.74,Champions,1123.46,1448.06
12564.0,261,1,402.9,Hibernating,91.21,84.77
12565.0,289,1,131.17,Hibernating,84.32,37.79
12566.0,86,1,292.7,Hibernating,193.88,550.77
12567.0,23,9,8322.94,Loyal,1487.86,3846.77
12569.0,2,32,3128.99,Champions,945.83,1746.43
12571.0,40,2,519.61,Recent / one-off,296.52,326.82
12572.0,9,2,896.72,Recent / one-off,574.52,556.44
12573.0,227,1,160.54,Hibernating,101.67,101.51
12574.0,316,1,182.45,Hibernating,78.4,60.92
12576.0,36,5,1306.98,Loyal,342.09,421.76
12577.0,35,3,560.25,Loyal,154.55,246.16
12578.0,21,2,2361.36,Recent / one-off,282.4,1020.48
12579.0,78,1,374.72,Hibernating,204.4,388.4
12580.0,247,1,379.7,Hibernating,95.55,106.73
12581.0,40,1,179.71,Recent / one-off,277.9,105.71
12582.0,239,2,351.36,Hibernating,139.34,113.78
12583.0,3,15,6629.34,Champions,1265.85,2807.7
12584.0,4,9,1811.95,Champions,479.88,596.77
12585.0,234,2,1768.51,Hibernating,208.52,353.77
12586.0,17,1,179.94,Recent / one-off,348.61,128.54
12587.0,8,1,104.0,Recent / one-off,394.2,173.96
12588.0,39,1,174.9,Recent / one-off,277.9,108.68
12589.0,29,2,574.68,Recent / one-off,334.32,333.63
12590.0,211,1,9338.38,Hibernating,107.47,801.29
12591.0,317,1,368.85,Hibernating,77.99,61.52
12592.0,92,2,401.6,Hibernating,176.78,147.2
12593.0,109,3,382.1,At risk,181.03,119.95
12594.0,38,9,3208.22,Loyal,758.73,1446.24
12596.0,51,2,450.27,Recent / one-off,172.53,231.98
12597.0,19,4,3067.13,Loyal,772.42,1323.6
12598.0,10,7,2786.68,Champions,652.5,1764.12
12599.0,29,7,888.58,Loyal,273.78,177.39
12600.0,29,10,2311.04,Loyal,541.99,725.84
12601.0,190,5,479.56,At risk,171.47,73.35
12602.0,59,1,153.12,Hibernating,236.47,151.64
12603.0,22,1,613.2,Recent / one-off,333.19,88.96
12604.0,79,2,236.18,Hibernating,124.5,135.37
12609.0,78,3,964.85,At risk,247.25,387.93
12610.0,23,4,1705.99,Loyal,575.93,1151.89
12611.0,52,1,1193.32,Hibernating,248.16,516.03
12612.0,74,1,607.59,Hibernating,210.1,1531.16
12613.0,57,4,2966.98,At risk,663.18,1063.56
12614.0,278,1,315.6,Hibernating,87.0,227.41
12615.0,2,4,2093.19,Loyal,698.17,737.81
12616.0,95,2,585.25,Hibernating,179.91,214.28
12617.0,29,1,352.98,Recent / one-off,306.12,223.57
12618.0,22,1,137.31,Recent / one-off,333.19,138.13
12619.0,16,8,2908.81,Champions,857.36,1815.31
12620.0,15,3,1303.41,Loyal,359.01,698.59
12621.0,2,20,12334.07,Champions,2545.76,7526.84
12622.0,232,1,162.1,Hibernating,99.99,95.25
12623.0,276,1,269.1,Hibernating,87.25,189.16
12624.0,106,2,569.13,Hibernating,239.94,204.74
12625.0,212,2,2362.32,Hibernating,256.77,394.84
12626.0,23,9,5722.35,Loyal,1176.29,4827.73
12627.0,11,6,4082.53,Champions,1586.49,959.87
12628.0,4,3,715.61,Loyal,524.49,320.97
12630.0,10,2,1030.88,Recent / one-off,626.13,477.35
12631.0,57,1,480.5,Hibernating,238.34,441.79
12633.0,59,4,1906.63,At risk,344.02,874.51
12635.0,90,2,1509.18,Hibernating,466.12,1012.06
12637.0,67,8,5790.25,At risk,1077.2,5517.06
12638.0,33,1,511.69,Recent / one-off,294.17,332.87
12639.0,239,1,366.1,Hibernating,98.03,83.34
12640.0,24,3,994.58,Loyal,421.41,681.81
12641.0,115,1,145.9,Hibernating,163.4,109.79
12642.0,25,3,905.26,Loyal,478.36,339.01
12643.0,128,6,3041.64,At risk,567.45,1515.81
12644.0,130,1,477.91,Hibernating,151.88,248.58
12645.0,34,4,1611.38,Loyal,374.77,680.56
12646.0,5,2,1346.97,Recent / one-off,704.39,539.44
12647.0,22,12,3093.92,Loyal,658.76,1487.37
12648.0,155,1,300.05,Hibernating,134.88,191.66
12649.0,107,3,549.71,At risk,189.3,247.41
12650.0,3,1,242.44,Recent / one-off,415.96,368.63
12651.0,335,1,114.0,Hibernating,74.71,38.58
12652.0,331,1,788.53,Hibernating,75.27,164.8
12653.0,149,2,2209.85,Hibernating,403.25,382.06
12654.0,11,5,529.98,Champions,192.6,149.16
12656.0,17,5,3550.72,Champions,1015.56,1574.31
12657.0,11,3,1008.06,Loyal,509.16,859.79
12658.0,19,1,632.05,Recent / one-off,344.62,538.02
12659.0,30,1,73.68,Recent / one-off,306.12,67.11
12660.0,11,1,227.1,Recent / one-off,374.6,202.53
12662.0,1,11,3511.08,Champions,742.25,2609.85
12664.0,8,9,4391.88,Champions,958.31,2160.34
12665.0,325,1,43.75,Hibernating,76.61,15.13
12667.0,58,1,460.13,Hibernating,236.47,351.24
12668.0,12,4,3113.18,Loyal,630.1,1332.68
12669.0,151,2,1427.73,Hibernating,204.4,437.53
12670.0,10,5,2734.15,Champions,741.07,1207.44
12672.0,330,1,225.9,Hibernating,75.65,60.07
12673.0,5,2,574.52,Recent / one-off,159.14,197.35
12674.0,39,4,1796.36,Loyal,518.11,732.84
12676.0,25,6,1091.39,Loyal,243.89,510.9
12678.0,42,9,16291.26,Loyal,3464.6,7084.54
12679.0,59,4,896.67,At risk,161.33,270.96
12680.0,1,4,790.81,Loyal,446.61,445.6
12681.0,15,22,12309.59,Champions,2423.79,5262.57
12682.0,4,31,11019.82,Champions,2282.51,5591.15
12683.0,4,14,7359.09,Champions,1409.75,3466.31
12684.0,8,6,2073.63,Champions,634.81,865.91
12685.0,28,6,2575.08,Loyal,1348.64,1694.73
12686.0,372,1,71.14,Hibernating,68.43,16.5
12688.0,114,1,4873.81,Hibernating,165.19,2626.31
12689.0,26,2,1139.61,Recent / one-off,444.41,632.05
12690.0,206,1,335.01,Hibernating,109.82,127.13
12691.0,28,5,927.8,Loyal,244.39,390.07
12693.0,127,4,686.96,At risk,219.76,369.37
12694.0,70,2,761.67,Hibernating,256.28,273.03
12695.0,7,4,582.1,Loyal,284.89,210.08
12697.0,29,3,739.02,Loyal,303.41,224.34
12700.0,8,4,4525.99,Loyal,1185.7,1375.37
12701.0,80,2,725.71,Hibernating,219.93,628.14
12702.0,20,1,201.0,Recent / one-off,340.73,282.36
12703.0,71,1,256.7,Hibernating,214.59,136.33
12704.0,7,8,1740.84,Champions,695.34,882.69
12705.0,15,8,6329.14,Champions,1250.97,5105.3
12707.0,292,1,603.42,Hibernating,83.62,67.19
12708.0,30,10,2346.32,Loyal,528.61,817.89
12709.0,15,15,8994.15,Champions,1873.61,5776.55
12710.0,97,3,1004.57,At risk,251.53,422.54
12712.0,29,13,3791.63,Loyal,827.32,1499.66
12713.0,1,1,794.55,Recent / one-off,433.92,400.74
12714.0,9,5,4294.86,Champions,912.39,2643.85
12715.0,106,1,263.36,Hibernating,171.78,199.38
12716.0,4,2,963.49,Recent / one-off,305.4,402.43
12717.0,151,2,830.98,Hibernating,192.05,218.89
12718.0,71,1,202.25,Hibernating,214.59,238.82
12719.0,5,2,536.1,Recent / one-off,451.54,220.62
12720.0,3,25,5065.28,Champions,1046.44,2938.48
12721.0,32,6,2358.98,Loyal,525.12,827.91
12722.0,85,4,886.33,At risk,433.58,325.82
12723.0,4,5,707.07,Champions,525.3,433.95
12724.0,5,4,923.41,Loyal,260.14,652.52
12725.0,371,1,371.8,Hibernating,68.43,61.52
12726.0,28,7,2411.1,Loyal,554.02,1284.4
12727.0,11,7,3425.7,Champions,771.54,1379.58
12728.0,71,4,728.33,At risk,202.3,297.04
12729.0,114,1,417.01,Hibernating,165.19,150.72
12731.0,24,12,18660.41,Loyal,3716.31,21902.73
12732.0,180,1,218.26,Hibernating,121.31,106.63
12733.0,234,1,383.95,Hibernating,99.33,102.89
12734.0,353,1,110.4,Hibernating,71.52,33.34
12735.0,315,2,689.57,Hibernating,164.89,86.03
12736.0,333,1,144.0,Hibernating,75.08,35.51
12738.0,372,1,137.35,Hibernating,68.28,38.66
12739.0,99,1,975.54,Hibernating,178.92,429.33
12740.0,64,1,427.6,Hibernating,227.55,343.78
12743.0,134,2,540.13,Hibernating,148.14,269.47
12744.0,56,4,9120.39,At risk,1639.58,6511.68
12747.0,2,11,4196.01,Champions,866.18,2594.16
12748.0,1,202,29815.18,Champions,6237.49,28579.11
12749.0,4,5,3818.2,Champions,1042.85,1016.33
12750.0,129,1,275.88,Hibernating,152.65,269.44
12752.0,81,1,4366.78,Hibernating,200.33,1394.44
12753.0,23,6,21024.58,Loyal,3613.18,21749.7
12754.0,236,3,3010.74,At risk,745.69,440.55
12755.0,281,2,2220.75,Hibernating,84.21,223.83
12756.0,87,1,112.08,Hibernating,193.88,108.29
12757.0,16,9,4161.75,Champions,1253.48,2101.91
12758.0,117,2,2791.59,Hibernating,379.09,1146.01
12759.0,52,3,1411.44,At risk,346.01,836.7
12762.0,8,2,1702.52,Recent / one-off,1449.05,357.87
12763.0,138,2,494.08,Hibernating,111.41,354.33
12764.0,317,1,1693.88,Hibernating,78.2,172.68
12766.0,4,7,6457.63,Champions,1187.24,3650.91
12769.0,239,1,1143.6,Hibernating,98.03,264.69
12770.0,211,1,1351.45,Hibernating,107.86,204.13
12772.0,60,1,752.47,Hibernating,234.63,414.41
12775.0,17,5,1246.24,Champions,348.52,369.96
12778.0,20,6,693.23,Loyal,232.32,251.86
12779.0,38,8,3868.7,Loyal,810.42,2670.91
12781.0,64,2,671.72,Hibernating,152.29,485.57
12782.0,5,5,1881.32,Champions,404.03,517.4
12783.0,2,4,1295.87,Loyal,855.34,1090.38
12784.0,15,1,476.82,Recent / one-off,356.86,389.79
12785.0,364,1,250.1,Hibernating,69.54,72.95
12787.0,10,3,418.66,Loyal,228.5,204.17
12789.0,65,1,76.85,Hibernating,224.16,75.09
12790.0,192,1,294.92,Hibernating,115.28,156.59
12791.0,374,1,177.6,Hibernating,68.12,65.07
12792.0,257,1,344.54,Hibernating,92.61,163.55
12793.0,335,2,461.48,Hibernating,143.6,55.31
12794.0,53,2,860.41,Hibernating,464.64,554.46
12795.0,19,1,318.48,Recent / one-off,344.62,600.28
12797.0,366,1,166.18,Hibernating,69.38,69.54
12798.0,10,3,6977.04,Loyal,2003.32,632.43
12802.0,187,1,382.58,Hibernating,117.99,93.57
12808.0,37,3,455.65,Loyal,151.4,149.02
12809.0,178,1,400.36,Hibernating,122.3,73.95
12811.0,262,2,458.85,Hibernating,154.31,166.38
12812.0,45,1,229.64,Recent / one-off,265.65,165.39
12814.0,102,1,85.92,Hibernating,176.82,20.05
12815.0,148,2,863.46,Hibernating,239.54,248.59
12816.0,96,2,452.2,Hibernating,211.65,207.99
12817.0,281,1,126.04,Hibernating,86.01,37.53
12818.0,262,1,1160.38,Hibernating,91.21,256.03
12820.0,3,4,942.34,Loyal,260.96,451.12
12821.0,214,1,92.72,Hibernating,106.33,46.14
12822.0,71,2,918.98,Hibernating,354.3,728.47
12823.0,75,5,1759.5,At risk,446.61,640.32
12824.0,60,1,397.12,Hibernating,234.63,223.93
12826.0,3,7,1468.12,Champions,353.9,523.26
12827.0,6,3,430.15,Loyal,480.65,738.88
12828.0,3,6,1018.71,Champions,538.97,386.01
12829.0,337,2,253.05,Hibernating,112.53,44.08
12830.0,38,6,6814.64,Loyal,1798.7,1475.04
12831.0,262,1,215.05,Hibernating,90.94,122.6
12832.0,32,2,383.03,Recent / one-off,264.2,195.02
12833.0,145,1,417.38,Hibernating,140.55,92.62
12834.0,283,1,312.38,Hibernating,85.76,81.62
12836.0,59,4,2610.36,At risk,491.57,1292.76
12837.0,173,1,134.1,Hibernating,124.31,87.17
12838.0,34,2,671.95,Recent / one-off,129.39,333.22
12839.0,3,14,5588.12,Champions,1150.39,2165.32
12840.0,144,4,2714.27,At risk,664.17,625.66
12841.0,5,25,3845.63,Champions,821.53,1621.14
12842.0,70,2,1118.99,Hibernating,261.15,1054.66
12843.0,66,8,1680.76,At risk,535.67,651.59
12844.0,29,2,325.96,Recent / one-off,235.9,227.42
12845.0,267,4,354.09,At risk,173.55,92.67
12847.0,22,1,843.64,Recent / one-off,329.55,297.45
12849.0,31,2,992.65,Recent / one-off,183.66,397.56
12851.0,97,1,131.81,Hibernating,182.17,153.86
12852.0,295,1,299.75,Hibernating,82.93,93.89
12853.0,135,6,1881.7,At risk,411.67,1072.88
12854.0,79,3,1280.9,At risk,292.66,699.99
12855.0,373,1,38.1,Hibernating,68.28,35.84
12856.0,8,6,2153.53,Champions,1446.84,1295.15
12857.0,211,2,1106.4,Hibernating,159.11,503.35
12863.0,52,1,504.2,Hibernating,248.16,243.02
12864.0,138,1,147.12,Hibernating,145.29,131.22
12865.0,26,2,1548.07,Recent / one-off,421.98,1045.03
12866.0,283,1,499.12,Hibernating,85.52,64.04
12867.0,26,7,3957.97,Loyal,823.33,2451.55
12868.0,186,6,1607.06,At risk,362.81,338.64
12871.0,84,2,380.64,Hibernating,197.86,203.6
12872.0,327,2,599.97,Hibernating,121.0,86.17
12873.0,282,1,374.0,Hibernating,85.76,103.72
12875.0,143,2,343.23,Hibernating,90.6,195.28
12876.0,58,2,2053.02,Hibernating,542.12,624.1
12877.0,4,12,1535.77,Champions,381.16,400.57
12878.0,236,2,841.64,Hibernating,227.99,162.27
12879.0,45,3,554.97,Loyal,445.2,191.47
12881.0,276,1,298.0,Hibernating,87.5,295.56
12882.0,9,2,1463.04,Recent / one-off,1102.0,428.14
12883.0,25,4,703.47,Loyal,425.94,434.47
12884.0,88,1,309.05,Hibernating,191.42,220.18
12885.0,63,3,1158.27,At risk,398.77,733.31
12886.0,68,2,1351.09,Hibernating,286.05,599.68
12888.0,214,2,313.77,Hibernating,128.18,124.8
12890.0,24,1,376.72,Recent / one-off,322.5,197.43
12891.0,186,3,331.0,At risk,168.35,296.24
12893.0,31,1,176.55,Recent / one-off,303.04,96.96
12895.0,42,2,347.3,Recent / one-off,279.43,299.31
12897.0,205,2,216.5,Hibernating,113.6,142.94
12901.0,9,27,16298.86,Champions,4340.1,11327.08
12902.0,265,1,138.68,Hibernating,90.39,128.26
12904.0,18,2,496.06,Recent / one-off,227.43,294.71
12906.0,12,5,2919.81,Champions,761.47,918.71
12908.0,176,2,360.0,Hibernating,181.08,390.46
12909.0,40,5,2128.83,Loyal,438.9,795.4
12910.0,23,8,3075.04,Loyal,782.47,1236.33
12912.0,3,5,1662.3,Champions,1405.45,1715.57
12913.0,5,5,2483.63,Champions,493.21,966.16
12915.0,149,2,363.65,Hibernating,108.88,194.73
12916.0,139,4,2923.15,At risk,561.42,1225.56
12917.0,128,1,594.0,Hibernating,152.65,136.8
12919.0,8,6,1301.44,Champions,566.87,548.83
12920.0,17,1,162.78,Recent / one-off,348.61,165.2
12921.0,9,37,16389.04,Champions,3355.03,5754.73
12922.0,161,1,405.38,Hibernating,130.79,101.09
12923.0,64,1,171.57,Hibernating,225.84,134.27
12924.0,88,4,922.0,At risk,279.9,341.29
12925.0,5,2,694.05,Recent / one-off,423.43,343.71
12928.0,35,5,2062.7,Loyal,424.36,745.56
12929.0,312,1,102.9,Hibernating,79.22,33.43
12930.0,78,2,409.9,Hibernating,209.75,180.05
12931.0,22,15,33596.61,Loyal,7052.11,24197.44
12933.0,24,3,606.28,Loyal,221.24,234.8
12935.0,2,7,2156.45,Champions,484.85,510.15
12936.0,17,4,1012.9,Loyal,370.97,1047.7
12937.0,15,4,1504.27,Loyal,436.07,979.14
12938.0,26,1,114.14,Recent / one-off,319.08,145.83
12939.0,64,8,11581.8,At risk,2168.33,3479.52
12940.0,55,2,862.44,Hibernating,487.32,776.8
12942.0,131,3,675.6,At risk,164.32,372.31
12944.0,36,2,604.51,Recent / one-off,141.94,336.9
12945.0,288,1,462.95,Hibernating,84.32,66.41
12947.0,144,6,1407.29,At risk,309.81,321.06
12948.0,16,7,2053.7,Champions,557.59,842.56
12949.0,31,8,4143.02,Loyal,822.47,1295.53
12950.0,2,3,1843.0,Loyal,1746.92,555.97
12951.0,9,6,1042.07,Champions,284.34,362.04
12952.0,6,4,1382.84,Loyal,615.2,1147.14
12953.0,10,1,329.85,Recent / one-off,384.15,421.15
12955.0,1,11,4734.26,Champions,1240.16,2351.83
12956.0,306,1,108.07,Hibernating,80.28,60.75
12957.0,10,8,3979.04,Champions,858.94,2982.15
12962.0,7,2,266.39,Recent / one-off,234.15,140.96
12963.0,8,8,1856.63,Champions,389.59,1029.53
12965.0,89,1,769.81,Hibernating,190.21,1123.97
12966.0,10,1,160.18,Recent / one-off,384.15,170.17
12967.0,358,2,1190.75,Hibernating,115.98,128.28
12968.0,112,1,135.95,Hibernating,166.1,90.53
12970.0,7,4,405.47,Loyal,166.38,203.5
12971.0,4,85,10933.76,Champions,2334.7,5297.29
12974.0,198,1,144.8,Hibernating,113.12,110.59
12976.0,212,1,738.6,Hibernating,107.47,282.12
12977.0,156,1,39.24,Hibernating,133.69,36.16
12980.0,158,9,7092.06,At risk,1384.9,1241.94
12981.0,30,2,372.22,Recent / one-off,245.56,166.04
12982.0,243,1,377.2,Hibernating,96.77,188.25
12984.0,19,1,97.5,Recent / one-off,344.62,91.44
12985.0,1,2,1215.62,Recent / one-off,751.38,465.09
12987.0,74,2,545.0,Hibernating,206.99,318.91
12988.0,292,1,505.82,Hibernating,83.39,54.3
12989.0,3,15,6854.51,Champions,1457.47,2069.83
12990.0,31,3,409.5,Loyal,165.36,107.43
12991.0,23,2,503.76,Recent / one-off,280.52,257.23
12993.0,23,4,414.76,Loyal,175.03,64.54
12994.0,4,3,902.22,Loyal,252.83,338.72
12995.0,85,1,200.72,Hibernating,195.14,243.2
12997.0,22,4,1197.94,Loyal,297.35,424.01
12999.0,196,3,455.88,At risk,153.29,109.13
13000.0,107,3,534.85,At risk,148.77,224.42
13001.0,4,13,9765.07,Champions,2121.35,4145.22
13002.0,318,1,120.95,Hibernating,77.79,51.51
13003.0,106,3,149.05,At risk,156.8,50.72
13004.0,12,18,5613.43,Champions,1199.93,2387.8
13005.0,174,2,468.95,Hibernating,159.34,114.85
13006.0,56,1,81.57,Hibernating,240.24,68.16
13008.0,323,1,178.47,Hibernating,76.8,85.48
13011.0,372,1,50.55,Hibernating,68.28,16.68
13012.0,9,6,1301.72,Champions,327.42,370.22
13013.0,1,13,4786.99,Champions,747.49,2806.85
13014.0,11,10,3367.03,Champions,832.96,1575.3
13015.0,53,5,3339.64,At risk,829.09,1028.46
13016.0,73,3,789.89,At risk,331.47,529.2
13017.0,7,1,204.0,Recent / one-off,394.2,139.05
13018.0,16,28,7272.75,Champions,1818.42,3534.03
13021.0,4,9,2584.4,Champions,595.72,1361.6
13023.0,64,2,599.9,Hibernating,299.27,270.7
13026.0,1,5,943.77,Champions,329.62,333.52
13027.0,114,6,6912.0,At risk,1211.42,2258.61
13028.0,23,2,659.68,Recent / one-off,516.76,315.18
13029.0,31,3,1247.5,Loyal,256.44,405.08
13030.0,11,2,752.44,Recent / one-off,143.22,300.12
13032.0,52,2,996.52,Hibernating,475.67,755.2
13033.0,357,1,190.55,Hibernating,70.68,95.02
13034.0,55,2,642.77,Hibernating,165.57,453.53
13035.0,74,2,887.13,Hibernating,238.73,387.12
13037.0,138,3,881.07,At risk,273.51,508.0
13038.0,80,3,908.46,At risk,220.74,403.01
13040.0,9,2,676.99,Recent / one-off,629.59,273.07
13043.0,273,1,471.57,Hibernating,88.01,298.82
13044.0,291,1,560.47,Hibernating,83.62,77.85
13045.0,99,1,305.28,Hibernating,178.92,320.55
13046.0,31,2,629.31,Recent / one-off,205.82,435.07
13047.0,57,9,3089.1,At risk,626.0,1159.14
13048.0,14,4,1789.41,Loyal,375.4,474.46
13049.0,64,2,656.68,Hibernating,192.62,694.28
13050.0,15,17,5679.41,Champions,1193.43,2333.57
13052.0,212,1,348.15,Hibernating,107.09,116.54
13055.0,78,3,1201.96,At risk,362.53,505.62
13058.0,25,3,271.4,Loyal,251.65,188.32
13059.0,250,1,183.4,Hibernating,94.65,126.51
13060.0,254,1,307.53,Hibernating,93.47,185.66
13061.0,72,1,248.61,Hibernating,213.07,162.46
13062.0,191,1,346.98,Hibernating,115.72,156.62
13064.0,13,4,1105.59,Loyal,288.1,544.31
13065.0,373,1,205.86,Hibernating,68.12,77.45
13066.0,24,2,430.9,Recent / one-off,562.66,282.76
13067.0,82,1,115.46,Hibernating,199.0,106.76
13068.0,10,2,344.0,Recent / one-off,126.76,131.28
13069.0,1,23,3750.89,Champions,799.97,2238.19
13070.0,192,1,228.8,Hibernating,115.28,133.85
13072.0,267,1,177.15,Hibernating,89.85,131.49
13075.0,130,1,919.61,Hibernating,151.88,280.02
13077.0,1,4,728.02,Loyal,163.46,305.88
13078.0,3,26,12431.28,Champions,2555.83,3859.62
13079.0,4,5,220.1,Champions,264.34,62.39
13080.0,179,1,58.08,Hibernating,121.31,39.62
13081.0,12,11,27992.26,Champions,5227.94,17545.18
13082.0,126,9,3595.48,At risk,784.83,1898.41
13083.0,4,2,303.75,Recent / one-off,304.16,271.32
13085.0,158,2,272.38,Hibernating,126.29,143.27
13089.0,3,96,57322.13,Champions,11784.29,22821.4
13090.0,9,13,8674.39,Champions,1812.23,3784.55
13091.0,28,1,319.82,Recent / one-off,309.26,257.02
13092.0,71,5,459.83,At risk,144.86,76.02
13093.0,276,8,7743.93,At risk,1468.56,827.8
13094.0,21,11,1708.86,Loyal,391.76,277.65
13095.0,71,1,74.4,Hibernating,216.13,65.12
13097.0,33,10,5901.07,Loyal,1239.75,4102.94
13098.0,1,28,28662.48,Champions,6655.08,32964.78
13099.0,99,1,207.36,Hibernating,178.92,69.02
13101.0,234,1,101.19,Hibernating,99.33,47.23
13102.0,1,24,6336.29,Champions,1336.34,3115.39
13103.0,40,1,243.94,Recent / one-off,277.9,139.31
13104.0,3,6,1098.48,Champions,295.81,828.49
13106.0,133,1,59.5,Hibernating,148.88,17.89
13107.0,44,4,1524.07,Loyal,296.93,746.53
13108.0,373,1,350.06,Hibernating,68.28,83.46
13109.0,60,2,766.84,Hibernating,294.62,374.3
13110.0,31,7,1456.87,Loyal,379.43,454.43
13113.0,1,24,10496.76,Champions,2247.77,5107.61
13115.0,12,4,2205.63,Loyal,603.96,826.89
13116.0,138,1,485.19,Hibernating,145.29,296.68
13117.0,22,8,984.91,Loyal,244.77,227.3
13118.0,20,5,1125.0,Loyal,330.22,402.9
13120.0,239,1,30.6,Hibernating,98.03,67.64
13121.0,269,1,254.73,Hibernating,89.05,145.19
13122.0,94,2,922.39,Hibernating,118.52,418.67
13124.0,90,3,3756.33,At risk,567.43,2921.78
13126.0,5,8,2056.29,Champions,457.23,483.96
13127.0,78,1,259.17,Hibernating,205.8,171.31
13130.0,94,1,64.0,Hibernating,184.39,33.35
13131.0,23,3,1039.3,Loyal,374.01,478.32
13132.0,262,1,77.3,Hibernating,91.21,28.37
13133.0,274,2,109.8,Hibernating,106.34,32.83
13134.0,86,4,1740.63,At risk,471.26,938.6
13135.0,197,1,3096.0,Hibernating,113.54,145.86
13136.0,56,5,2545.38,At risk,733.23,1065.09
13137.0,11,8,3603.29,Champions,893.66,1796.41
13138.0,22,6,962.39,Loyal,239.09,310.04
13139.0,16,7,5055.79,Champions,1344.0,1794.46
13140.0,108,3,422.47,At risk,135.05,79.81
13141.0,85,5,2385.8,At risk,508.55,1424.91
13142.0,19,1,307.09,Recent / one-off,340.73,486.1
13144.0,333,1,110.95,Hibernating,75.08,34.01
13145.0,40,4,614.77,Loyal,147.21,217.07
13146.0,26,1,228.91,Recent / one-off,315.74,243.07
13147.0,10,4,712.8,Loyal,523.34,126.32
13148.0,29,12,3324.62,Loyal,737.86,2235.41
13149.0,14,4,1676.06,Loyal,412.25,493.47
13151.0,296,1,1250.37,Hibernating,82.7,126.21
13153.0,6,1,486.22,Recent / one-off,404.79,272.72
13155.0,33,4,971.76,Loyal,201.16,367.86
13157.0,49,4,1721.57,Loyal,453.77,1108.57
13158.0,95,4,1201.06,At risk,304.03,458.75
13159.0,9,4,1371.25,Loyal,624.54,556.78
13160.0,22,1,91.8,Recent / one-off,329.55,51.28
13161.0,313,1,112.75,Hibernating,78.81,39.46
13162.0,122,4,1644.99,At risk,289.96,551.08
13165.0,46,2,1021.48,Recent / one-off,208.07,566.89
13166.0,283,1,414.7,Hibernating,85.52,49.15
13167.0,19,4,779.33,Loyal,392.06,430.53
13168.0,36,4,1291.54,Loyal,245.25,497.82
13169.0,64,2,712.88,Hibernating,160.18,313.2
13170.0,27,1,108.81,Recent / one-off,315.74,109.02
13171.0,22,3,426.81,Loyal,164.58,145.57
13173.0,4,2,353.65,Recent / one-off,114.39,129.09
13174.0,16,3,2738.82,Loyal,341.99,1645.89
13176.0,46,1,481.49,Recent / one-off,261.05,373.41
13177.0,65,1,282.45,Hibernating,225.84,289.93
13178.0,26,11,5725.47,Loyal,1127.37,2364.59
13182.0,45,1,121.18,Recent / one-off,263.33,173.66
13183.0,8,9,3957.78,Champions,825.56,2243.53
13184.0,15,10,1615.45,Champions,459.29,411.34
13185.0,268,1,71.4,Hibernating,89.58,28.32
13186.0,40,3,1539.69,Loyal,432.81,1035.69
13187.0,337,1,236.02,Hibernating,74.16,94.17
13188.0,11,1,114.6,Recent / one-off,374.6,350.5
13189.0,19,2,260.68,Recent / one-off,247.69,131.74
13192.0,95,2,911.94,Hibernating,256.14,474.03
13193.0,61,1,112.08,Hibernating,231.04,179.62
13194.0,136,1,60.7,Hibernating,147.42,53.95
13196.0,11,4,1797.78,Loyal,431.46,584.59
13198.0,10,6,3384.09,Champions,696.7,1319.96
13199.0,4,37,9788.96,Champions,2022.9,8051.58
13200.0,19,4,870.09,Loyal,432.36,595.2
13203.0,10,4,869.46,Loyal,312.85,401.59
13207.0,15,2,250.26,Recent / one-off,179.28,82.58
13208.0,59,5,1193.17,At risk,334.08,419.24
13209.0,30,8,5820.16,Loyal,1205.19,3192.21
13210.0,94,1,353.48,Hibernating,185.53,284.94
13211.0,10,3,1095.42,Loyal,274.6,524.43
13212.0,20,3,779.33,Loyal,563.04,891.26
13213.0,57,5,1518.43,At risk,488.7,726.61
13216.0,268,1,333.74,Hibernating,89.58,220.23
13217.0,122,2,133.62,Hibernating,174.26,29.07
13218.0,127,1,62.64,Hibernating,153.42,35.47
13220.0,78,4,819.29,At risk,327.88,518.27
13221.0,240,2,844.86,Hibernating,145.61,212.85
13223.0,200,2,163.2,Hibernating,133.03,48.47
13224.0,60,2,2147.85,Hibernating,494.21,594.73
13225.0,3,7,6083.04,Champions,1079.42,2820.65
13226.0,273,1,108.21,Hibernating,88.01,157.49
13227.0,202,1,257.7,Hibernating,111.45,131.48
13228.0,81,1,358.0,Hibernating,200.33,146.27
13229.0,226,1,160.95,Hibernating,102.36,158.08
13230.0,4,14,2712.07,Champions,628.19,812.63
13232.0,13,7,1327.75,Champions,463.38,562.42
13233.0,74,2,605.12,Hibernating,145.01,312.85
13235.0,212,1,1031.07,Hibernating,107.09,266.41
13236.0,25,2,727.27,Recent / one-off,337.22,311.82
13238.0,17,4,680.83,Loyal,204.44,399.83
13239.0,262,1,329.56,Hibernating,91.21,172.33
13240.0,96,4,648.7,At risk,169.98,373.74
13242.0,112,3,270.4,At risk,170.84,130.73
13243.0,203,1,585.12,Hibernating,110.63,107.93
13244.0,93,1,121.74,Hibernating,186.68,197.48
13245.0,51,1,430.5,Recent / one-off,252.31,589.77
13246.0,18,6,1896.32,Champions,436.65,463.37
13247.0,18,4,501.12,Loyal,360.02,513.04
13248.0,125,2,465.68,Hibernating,159.95,216.33
13249.0,92,3,711.41,At risk,216.71,321.79
13253.0,157,2,1030.4,Hibernating,192.51,376.93
13255.0,9,2,390.66,Recent / one-off,108.81,211.45
13258.0,12,3,672.83,Loyal,277.27,304.75
13259.0,62,1,283.18,Hibernating,231.04,319.92
13260.0,61,1,557.62,Hibernating,231.04,419.42
13261.0,269,2,944.1,Hibernating,121.23,399.21
13262.0,263,1,200.29,Hibernating,90.66,141.76
13263.0,1,34,7411.71,Champions,1764.5,3848.33
13265.0,53,5,2092.66,At risk,559.69,938.65
13266.0,11,12,3717.67,Champions,1066.67,1423.04
13267.0,3,19,4404.44,Champions,928.83,1200.77
13268.0,18,10,3105.66,Champions,767.63,1184.67
13269.0,1,15,5312.97,Champions,1098.18,2647.52
13270.0,366,1,590.0,Hibernating,69.22,80.98
13271.0,37,1,172.37,Recent / one-off,283.12,131.48
13272.0,31,2,276.56,Recent / one-off,289.28,284.34
13273.0,113,1,138.98,Hibernating,165.19,222.01
13276.0,64,2,590.93,Hibernating,420.07,345.35
13277.0,16,4,258.4,Loyal,263.68,52.25
13278.0,41,1,542.73,Recent / one-off,275.36,287.95
13279.0,78,1,126.3,Hibernating,204.4,117.97
13280.0,122,3,798.46,At risk,194.03,376.39
13282.0,18,3,1047.84,Loyal,352.18,496.37
13283.0,60,2,93.66,Hibernating,159.37,23.68
13284.0,331,1,196.15,Hibernating,75.46,103.19
13285.0,23,4,2709.12,Loyal,585.78,931.33
13291.0,156,1,361.11,Hibernating,134.28,168.02
13292.0,39,2,578.94,Recent / one-off,172.67,285.1
13294.0,190,2,873.74,Hibernating,206.59,237.65
13295.0,360,1,197.95,Hibernating,70.35,81.26
13296.0,137,1,87.4,Hibernating,145.99,42.07
13297.0,8,4,2089.85,Loyal,739.19,838.04
13298.0,1,1,360.0,Recent / one-off,427.76,102.5
13299.0,268,1,142.5,Hibernating,89.32,114.48
13300.0,169,1,365.29,Hibernating,126.4,169.1
13301.0,104,4,600.19,At risk,204.69,158.08
13302.0,155,1,63.75,Hibernating,134.28,19.98
13304.0,351,1,300.42,Hibernating,71.69,72.25
13305.0,4,10,2000.86,Champions,463.13,630.34
13307.0,120,1,15.0,Hibernating,159.09,69.63
13308.0,23,3,1369.71,Loyal,308.53,564.24
13309.0,7,5,1456.79,Champions,344.36,420.22
13310.0,28,3,1083.63,Loyal,239.66,377.89
13311.0,4,2,598.57,Recent / one-off,199.18,361.5
13313.0,22,5,1555.32,Loyal,356.44,590.03
13314.0,2,2,593.51,Recent / one-off,349.76,373.54
13316.0,37,4,5732.93,Loyal,1191.38,3239.85
13317.0,66,6,2140.07,At risk,465.04,1028.81
13318.0,1,3,640.76,Loyal,609.36,347.93
13319.0,5,26,10664.24,Champions,2137.43,7180.99
13320.0,78,4,1475.2,At risk,425.45,615.48
13321.0,72,2,567.36,Hibernating,381.96,317.47
13322.0,17,1,199.48,Recent / one-off,348.61,246.86
13323.0,3,5,787.85,Champions,624.22,282.47
13324.0,36,10,7072.8,Loyal,1386.29,2850.03
13325.0,82,1,675.3,Hibernating,200.33,363.17
13327.0,39,8,3617.57,Loyal,667.08,2232.18
13328.0,316,1,1308.48,Hibernating,78.2,144.08
13329.0,32,2,740.4,Recent / one-off,168.13,629.85
13330.0,93,3,1140.93,At risk,268.94,385.14
13332.0,14,1,350.9,Recent / one-off,361.14,483.58
13334.0,82,3,3502.32,At risk,509.49,2476.23
13336.0,77,1,795.12,Hibernating,205.8,790.63
13338.0,158,1,382.82,Hibernating,133.1,128.15
13339.0,201,1,860.12,Hibernating,111.86,589.21
13340.0,45,7,10736.48,Loyal,1864.27,4354.68
13341.0,261,1,775.85,Hibernating,91.49,420.43
13343.0,178,1,253.93,Hibernating,122.3,119.98
13344.0,68,3,2511.69,At risk,295.21,1511.84
13345.0,288,1,327.6,Hibernating,84.56,73.33
13347.0,70,1,291.36,Hibernating,216.13,198.76
13348.0,64,1,233.76,Hibernating,225.84,153.0
13349.0,11,1,197.32,Recent / one-off,379.32,161.52
13350.0,16,2,810.72,Recent / one-off,386.36,405.22
13351.0,66,1,323.94,Hibernating,222.51,256.54
13352.0,60,1,339.28,Hibernating,232.82,237.95
13354.0,71,1,743.53,Hibernating,214.59,320.55
13355.0,122,1,674.7,Hibernating,157.43,836.3
13356.0,80,1,768.24,Hibernating,201.67,834.8
13357.0,257,1,609.4,Hibernating,92.33,98.07
13358.0,269,1,389.03,Hibernating,89.32,278.32
13359.0,64,1,381.26,Hibernating,227.55,283.43
13362.0,9,4,3085.49,Loyal,645.38,1135.31
13363.0,18,2,892.5,Recent / one-off,549.17,431.52
13365.0,34,2,2191.22,Recent / one-off,530.84,565.84
13366.0,50,1,56.16,Recent / one-off,252.31,75.91
13368.0,257,2,573.4,Hibernating,190.39,209.99
13369.0,366,1,213.75,Hibernating,69.38,78.1
13370.0,372,1,721.32,Hibernating,68.43,141.15
13372.0,90,1,328.64,Hibernating,190.21,316.89
13373.0,61,3,3312.25,At risk,661.89,1474.46
13375.0,89,1,772.9,Hibernating,191.42,756.9
13376.0,99,3,869.76,At risk,269.73,522.38
13379.0,26,3,572.56,Loyal,355.26,325.76
13381.0,32,6,3626.81,Loyal,862.89,1415.94
13382.0,281,1,222.99,Hibernating,86.25,233.44
13384.0,31,7,4122.28,Loyal,1200.32,1629.15
13385.0,330,1,534.57,Hibernating,75.65,74.5
13388.0,131,2,627.15,Hibernating,150.36,515.32
13389.0,11,3,797.96,Loyal,270.51,550.97
13390.0,75,1,544.08,Hibernating,210.1,741.33
13391.0,204,1,59.8,Hibernating,110.63,17.47
13394.0,2,8,2323.1,Champions,572.84,737.6
13395.0,185,1,307.72,Hibernating,118.45,99.87
13396.0,29,2,1325.29,Recent / one-off,283.24,717.73
13397.0,73,5,1539.18,At risk,354.6,472.91
13398.0,192,1,457.34,Hibernating,115.28,175.59
13402.0,127,2,621.23,Hibernating,135.33,250.68
13403.0,18,1,75.0,Recent / one-off,348.61,101.71
13404.0,1,2,252.49,Recent / one-off,134.76,63.09
13405.0,204,2,557.45,Hibernating,171.72,258.53
13408.0,2,62,27886.98,Champions,5581.25,24002.49
13410.0,24,5,988.91,Loyal,284.07,433.4
13411.0,107,1,213.55,Hibernating,170.81,188.12
13414.0,134,3,1390.5,At risk,327.0,764.41
13416.0,44,2,712.5,Recent / one-off,461.96,303.34
13417.0,5,2,640.83,Recent / one-off,243.92,355.1
13418.0,12,18,5845.44,Champions,1142.91,2691.57
13419.0,64,1,221.06,Hibernating,227.55,165.35
13420.0,150,2,140.35,Hibernating,180.41,32.53
13421.0,40,2,1821.11,Recent / one-off,317.93,1099.8
13422.0,64,1,2601.55,Hibernating,225.84,739.85
13425.0,108,3,1624.21,At risk,379.18,804.51
13426.0,1,10,3558.32,Champions,756.97,2560.88
13427.0,19,3,582.6,Loyal,236.84,196.85
13428.0,10,1,201.78,Recent / one-off,379.32,735.48
13429.0,11,4,1006.8,Loyal,658.38,736.31
13430.0,19,2,652.07,Recent / one-off,399.52,434.8
13431.0,67,2,1269.1,Hibernating,430.43,885.07
13434.0,74,2,534.24,Hibernating,431.4,405.13
13435.0,5,7,3794.49,Champions,1282.75,1365.68
13436.0,2,1,196.89,Recent / one-off,427.76,81.47
13437.0,14,7,3408.06,Champions,812.54,830.38
13439.0,255,1,283.71,Hibernating,92.9,171.9
13441.0,92,1,296.64,Hibernating,187.84,187.1
13447.0,23,3,1104.81,Loyal,1049.78,1403.13
13448.0,17,6,3460.99,Champions,672.02,2450.49
13449.0,24,1,291.88,Recent / one-off,325.99,343.91
13450.0,27,6,2043.72,Loyal,678.8,665.14
13451.0,26,5,2838.56,Loyal,635.36,719.62
13452.0,259,2,590.0,Hibernating,171.85,139.09
13453.0,166,2,356.98,Hibernating,135.84,210.98
13455.0,25,2,1008.35,Recent / one-off,146.64,375.07
13456.0,18,6,1737.82,Champions,629.33,715.78
13458.0,7,14,9537.92,Champions,1833.86,5517.23
13460.0,29,2,183.44,Recent / one-off,347.51,176.72
13461.0,39,3,1445.0,Loyal,467.31,553.87
13462.0,253,1,143.25,Hibernating,93.76,102.08
13464.0,58,1,674.68,Hibernating,236.47,310.02
13466.0,184,1,297.95,Hibernating,118.92,134.95
13467.0,11,2,1071.91,Recent / one-off,557.79,419.09
13468.0,2,37,5656.75,Champions,1172.13,2340.96
13470.0,99,2,165.0,Hibernating,211.92,51.04
13471.0,1,4,2501.84,Loyal,1458.17,877.78
13473.0,61,2,417.54,Hibernating,123.12,193.55
13474.0,236,1,226.84,Hibernating,98.68,119.98
13475.0,191,4,1431.78,At risk,359.68,525.74
13476.0,179,2,1092.77,Hibernating,214.74,422.72
13477.0,38,6,1441.53,Loyal,413.0,558.47
13479.0,201,2,291.0,Hibernating,153.91,116.47
13481.0,46,4,1776.81,Loyal,408.6,895.75
13482.0,232,1,184.64,Hibernating,99.99,115.37
13483.0,66,1,140.34,Hibernating,224.16,137.64
13484.0,241,1,313.8,Hibernating,97.09,142.29
13485.0,233,1,454.24,Hibernating,99.65,125.04
13486.0,78,3,1122.41,At risk,502.94,610.59
13487.0,58,3,575.4,At risk,162.24,180.61
13488.0,17,13,8910.61,Champions,1624.08,4666.57
13489.0,105,4,449.52,At risk,191.0,96.14
13491.0,52,10,1215.82,At risk,313.46,251.27
13492.0,136,3,1269.84,At risk,408.23,407.94
13493.0,275,2,498.63,Hibernating,177.79,261.39
13494.0,312,1,316.26,Hibernating,79.22,80.42
13495.0,8,5,1990.12,Champions,388.87,797.3
13496.0,11,2,617.93,Recent / one-off,110.05,243.06
13497.0,283,2,321.05,Hibernating,115.35,98.71
13499.0,18,5,1146.96,Champions,364.43,500.99
13500.0,23,3,1136.77,Loyal,542.31,815.29
13501.0,288,1,1314.82,Hibernating,84.32,143.51
13502.0,17,3,292.0,Loyal,131.61,96.97
13503.0,71,1,216.85,Hibernating,214.59,147.28
13504.0,64,1,295.93,Hibernating,225.84,276.48
13505.0,73,4,3522.88,At risk,887.38,1253.2
13506.0,316,2,452.82,Hibernating,107.43,68.41
13507.0,3,4,2479.16,Loyal,664.41,597.15
13508.0,244,1,110.97,Hibernating,96.47,66.93
13509.0,9,6,964.72,Champions,295.25,277.19
13510.0,1,4,1785.16,Loyal,554.18,842.72
13512.0,261,1,251.21,Hibernating,91.49,140.82
13513.0,127,1,205.1,Hibernating,154.21,157.49
13514.0,74,1,152.2,Hibernating,211.58,120.95
13515.0,73,4,891.12,At risk,303.62,419.72
13516.0,21,3,1389.41,Loyal,453.82,808.04
13517.0,60,3,2109.07,At risk,489.63,967.87
13518.0,86,1,627.16,Hibernating,195.14,949.49
13519.0,78,1,110.8,Hibernating,204.4,97.21
13520.0,59,6,2967.75,At risk,628.15,1195.6
13521.0,1,3,1070.47,Loyal,1288.64,3105.27
13522.0,30,1,125.8,Recent / one-off,303.04,139.9
13523.0,33,5,3757.98,Loyal,706.51,2271.0
13524.0,41,5,680.18,Loyal,288.5,278.14
13525.0,15,2,628.78,Recent / one-off,196.33,185.58
13527.0,34,7,2218.61,Loyal,560.25,714.14
13529.0,79,2,307.76,Hibernating,165.07,202.99
13531.0,205,2,483.8,Hibernating,112.96,266.9
13532.0,34,1,210.31,Recent / one-off,294.17,246.96
13533.0,183,3,269.09,At risk,133.57,141.43
13534.0,2,25,5613.21,Champions,1223.19,2412.02
13536.0,1,7,3444.39,Champions,2076.64,1282.95
13538.0,43,7,1280.85,Loyal,354.75,485.18
13539.0,86,3,605.84,At risk,199.61,381.63
13544.0,40,2,276.06,Recent / one-off,155.08,234.94
13546.0,12,3,621.09,Loyal,271.66,313.06
13548.0,96,2,678.16,Hibernating,212.33,471.97
13549.0,26,7,916.12,Loyal,331.63,245.36
13551.0,319,1,91.8,Hibernating,77.59,28.55
13552.0,66,12,3539.53,At risk,838.42,2907.76
13555.0,74,4,4098.88,At risk,857.38,1920.52
13557.0,28,2,584.06,Recent / one-off,177.79,233.45
13558.0,6,4,594.52,Loyal,523.21,415.33
13560.0,7,1,171.42,Recent / one-off,394.2,102.25
13561.0,216,1,141.86,Hibernating,105.96,145.55
13562.0,82,3,1799.33,At risk,431.3,1063.69
13563.0,84,2,777.53,Hibernating,342.75,600.97
13564.0,354,2,1174.03,Hibernating,194.82,138.78
13565.0,19,2,240.22,Recent / one-off,112.54,76.06
13566.0,41,2,856.84,Recent / one-off,382.32,601.31
13568.0,173,1,187.05,Hibernating,124.31,147.8
13569.0,17,2,337.12,Recent / one-off,121.5,198.32
13570.0,243,1,239.49,Hibernating,96.47,137.94
13571.0,13,12,2088.94,Champions,658.92,894.61
13572.0,206,1,1384.25,Hibernating,109.82,322.62
13573.0,50,2,290.25,Recent / one-off,172.03,215.31
13575.0,23,5,732.07,Loyal,381.87,340.66
13576.0,10,18,6703.3,Champions,1376.56,3101.48
13577.0,25,4,1658.3,Loyal,476.6,565.52
13579.0,15,2,467.04,Recent / one-off,134.36,413.2
13581.0,309,1,118.0,Hibernating,79.64,62.36
13583.0,156,1,781.03,Hibernating,134.28,611.79
13584.0,307,1,142.4,Hibernating,80.28,76.63
13587.0,64,1,347.0,Hibernating,227.55,168.34
13588.0,16,9,2449.53,Champions,756.17,1324.66
13589.0,15,2,379.65,Recent / one-off,215.12,205.84
13590.0,11,6,1976.12,Champions,492.24,685.07
13591.0,65,3,1117.13,At risk,271.32,778.05
13592.0,36,4,247.96,Loyal,157.24,48.38
13593.0,108,5,1965.08,At risk,392.33,659.1
13594.0,53,1,396.97,Hibernating,248.16,229.38
13596.0,6,2,664.11,Recent / one-off,706.91,525.36
13598.0,47,1,147.29,Recent / one-off,258.81,123.24
13599.0,1,21,5032.77,Champions,1053.76,3023.61
13600.0,312,1,219.52,Hibernating,79.02,70.45
13601.0,45,2,693.32,Recent / one-off,215.02,376.24
13602.0,65,1,428.89,Hibernating,225.84,361.19
13603.0,26,1,164.34,Recent / one-off,315.74,99.24
13606.0,29,3,276.75,Loyal,142.11,77.78
13607.0,40,1,675.51,Recent / one-off,275.36,320.65
13610.0,12,7,1065.88,Champions,317.25,502.39
13611.0,89,3,1140.8,At risk,247.59,718.42
13614.0,24,4,1585.46,Loyal,386.95,603.87
13615.0,319,1,399.99,Hibernating,77.79,54.63
13617.0,40,3,544.18,Loyal,284.93,209.11
13618.0,174,1,177.34,Hibernating,124.31,128.84
13621.0,117,1,213.85,Hibernating,162.52,233.58
13623.0,31,5,696.2,Loyal,236.65,188.74
13626.0,253,1,257.23,Hibernating,93.76,161.63
13627.0,59,5,1624.02,At risk,354.43,516.86
13629.0,23,11,7792.36,Loyal,1648.54,3335.61
13630.0,5,7,1995.68,Champions,531.7,793.54
13631.0,100,11,3021.77,At risk,879.32,472.91
13632.0,25,5,2114.68,Loyal,633.88,877.62
13634.0,33,5,1547.36,Loyal,359.68,661.44
13635.0,68,1,1071.03,Hibernating,220.88,353.68
13636.0,37,5,941.62,Loyal,299.19,382.42
13637.0,52,3,803.05,At risk,233.55,503.55
13638.0,16,1,122.64,Recent / one-off,356.86,125.06
13639.0,74,1,1033.34,Hibernating,210.1,800.41
13642.0,216,1,312.28,Hibernating,105.96,104.72
13643.0,31,3,519.44,Loyal,285.32,222.5
13644.0,16,4,2597.52,Loyal,1063.64,931.03
13645.0,120,1,252.1,Hibernating,159.09,108.42
13647.0,10,4,1640.22,Loyal,463.65,596.15
13649.0,257,2,346.6,Hibernating,107.65,224.15
13650.0,17,6,1805.74,Champions,480.03,934.35
13651.0,40,1,79.2,Recent / one-off,277.9,62.29
13652.0,46,3,1095.08,Loyal,232.81,752.69
13654.0,43,6,2707.33,Loyal,712.29,999.87
13655.0,114,2,932.97,Hibernating,252.12,440.72
13656.0,165,2,379.65,Hibernating,128.47,165.46
13657.0,11,2,382.14,Recent / one-off,196.79,316.31
13658.0,10,5,2421.47,Champions,649.65,867.05
13659.0,206,2,1542.15,Hibernating,196.23,350.67
13662.0,86,3,862.71,At risk,273.05,548.32
13663.0,179,1,189.47,Hibernating,121.31,136.47
13666.0,60,3,84.65,At risk,103.31,15.48
13667.0,149,1,299.05,Hibernating,137.97,182.19
13668.0,3,21,6170.91,Champions,1342.81,3631.23
13669.0,51,2,218.55,Recent / one-off,222.32,96.38
13670.0,75,1,349.7,Hibernating,208.65,346.13
13672.0,301,1,0.0,Hibernating,81.36,42.74
13673.0,19,2,387.44,Recent / one-off,488.66,227.02
13675.0,151,2,486.82,Hibernating,139.18,278.56
13678.0,152,1,232.6,Hibernating,136.72,188.66
13680.0,1,3,2199.01,Loyal,358.58,1083.63
13681.0,18,4,827.83,Loyal,404.21,390.16
13682.0,187,1,59.5,Hibernating,117.53,58.01
13684.0,286,1,62.13,Hibernating,85.04,21.56
13685.0,3,7,3119.44,Champions,1495.28,480.87
13686.0,183,1,72.0,Hibernating,119.87,40.59
13689.0,63,1,910.0,Hibernating,227.55,252.75
13690.0,59,1,172.25,Hibernating,234.63,137.08
13692.0,25,3,1473.37,Loyal,291.7,514.43
13694.0,4,50,62961.54,Champions,12782.35,24509.52
13695.0,31,15,2504.13,Loyal,778.65,1356.36
13697.0,39,1,151.3,Recent / one-off,280.48,83.55
13699.0,155,1,308.58,Hibernating,134.28,146.61
13700.0,26,10,2248.63,Loyal,565.98,536.25
13703.0,318,1,99.5,Hibernating,77.79,25.58
13704.0,5,9,2295.31,Champions,1485.5,1236.47
13705.0,8,3,711.86,Loyal,157.04,259.0
13706.0,303,1,330.79,Hibernating,81.14,73.33
13707.0,267,2,806.41,Hibernating,137.05,343.37
13708.0,271,1,283.33,Hibernating,88.53,299.22
13709.0,4,13,6228.71,Champions,1419.86,2349.28
13710.0,32,1,180.48,Recent / one-off,300.03,124.03
13711.0,219,2,252.06,Hibernating,104.85,116.22
13712.0,247,1,228.84,Hibernating,95.55,112.97
13715.0,281,5,1051.99,At risk,235.19,130.2
13716.0,269,1,138.28,Hibernating,89.05,65.67
13717.0,32,6,1432.26,Loyal,373.31,496.08
13718.0,246,2,306.55,Hibernating,138.01,206.52
13719.0,15,5,1041.68,Champions,383.87,635.66
13720.0,117,4,799.9,At risk,256.81,399.06
13721.0,36,1,524.14,Recent / one-off,285.8,221.27
13722.0,132,3,2369.16,At risk,302.2,682.12
13723.0,217,1,199.85,Hibernating,105.22,133.11
13725.0,50,8,1811.81,Loyal,327.76,569.43
13726.0,39,2,1079.66,Recent / one-off,571.84,619.62
13727.0,29,2,333.48,Recent / one-off,428.1,341.32
13728.0,37,6,1016.14,Loyal,298.34,318.15
13730.0,136,2,752.6,Hibernating,304.44,400.18
13731.0,219,2,610.59,Hibernating,186.78,144.08
13732.0,28,1,491.86,Recent / one-off,309.26,299.21
13735.0,25,4,2764.48,Loyal,666.08,1178.72
13736.0,5,2,721.9,Recent / one-off,195.45,344.85
13737.0,200,1,339.6,Hibernating,111.86,171.19
13739.0,18,1,216.9,Recent / one-off,344.62,173.82
13740.0,241,1,350.75,Hibernating,97.4,174.16
13741.0,72,3,666.33,At risk,274.72,286.63
13742.0,17,12,3079.27,Champions,703.25,1032.52
13743.0,3,7,1340.15,Champions,437.65,257.57
13744.0,95,2,1080.52,Hibernating,154.49,606.7
13745.0,162,1,291.54,Hibernating,130.22,189.92
13747.0,374,1,79.6,Hibernating,68.12,18.66
13748.0,96,5,948.25,At risk,227.96,272.4
13750.0,54,5,1647.26,At risk,374.69,534.42
13751.0,288,1,296.25,Hibernating,84.32,128.6
13752.0,124,6,1175.38,At risk,369.91,454.54
13753.0,288,1,741.26,Hibernating,84.56,172.8
13754.0,152,2,282.6,Hibernating,116.79,146.16
13755.0,4,9,2101.39,Champions,1382.41,1190.34
13756.0,2,14,5145.12,Champions,1029.74,2401.99
13758.0,12,7,3190.55,Champions,646.25,1372.27
13759.0,33,2,659.41,Recent / one-off,305.93,298.98
13760.0,54,2,286.79,Hibernating,144.73,205.2
13761.0,50,2,1070.65,Recent / one-off,324.38,611.19
13763.0,63,1,1689.46,Hibernating,227.55,660.56
13764.0,71,3,1516.42,At risk,297.27,950.78
13767.0,2,37,16945.71,Champions,3440.78,5748.87
13769.0,2,10,2771.87,Champions,585.27,915.19
13771.0,64,4,2631.7,At risk,575.51,841.78
13772.0,34,3,1122.63,Loyal,359.02,636.72
13774.0,82,1,345.0,Hibernating,200.33,190.03
13777.0,1,33,25767.74,Champions,4015.9,14989.1
13778.0,103,1,178.7,Hibernating,174.77,116.49
13780.0,7,2,360.01,Recent / one-off,226.83,222.53
13781.0,251,1,127.84,Hibernating,94.35,111.64
13782.0,13,6,908.86,Champions,254.81,331.06
13784.0,10,11,2462.79,Champions,617.56,891.78
13786.0,367,1,230.4,Hibernating,69.06,76.24
13787.0,76,2,309.04,Hibernating,117.88,288.6
13790.0,4,1,348.8,Recent / one-off,410.3,232.75
13791.0,128,2,1047.68,Hibernating,245.79,206.61
13792.0,66,2,195.55,Hibernating,125.38,74.47
13798.0,1,57,36350.67,Champions,7500.17,23524.0
13799.0,117,2,688.86,Hibernating,171.75,335.59
13800.0,310,1,558.32,Hibernating,79.64,77.85
13801.0,67,1,324.8,Hibernating,222.51,223.86
13802.0,139,3,3906.27,At risk,792.79,2068.78
13803.0,255,1,277.07,Hibernating,92.9,216.86
13804.0,31,7,2588.39,Loyal,559.25,977.76
13805.0,52,2,924.6,Hibernating,345.04,264.25
13806.0,64,1,256.38,Hibernating,227.55,141.64
13807.0,367,1,112.6,Hibernating,69.06,39.46
13808.0,6,5,1747.66,Champions,841.63,1288.96
13809.0,305,1,155.05,Hibernating,80.49,59.94
13810.0,29,2,827.51,Recent / one-off,423.11,296.74
13811.0,184,2,519.75,Hibernating,189.63,88.2
13812.0,42,3,485.0,Loyal,318.2,206.41
13813.0,40,4,1155.41,Loyal,534.56,527.97
13814.0,92,2,1562.12,Hibernating,529.2,590.42
13815.0,22,4,3654.91,Loyal,694.11,2263.85
13816.0,24,2,483.04,Recent / one-off,370.71,240.84
13817.0,29,2,328.98,Recent / one-off,124.44,203.27
13819.0,302,3,1140.35,At risk,250.67,170.29
13821.0,145,2,385.64,Hibernating,133.95,184.75
13822.0,6,2,632.0,Recent / one-off,438.84,406.83
13823.0,19,2,957.66,Recent / one-off,369.53,637.97
13824.0,33,5,1698.94,Loyal,385.49,370.5
13826.0,176,1,179.55,Hibernating,122.8,128.35
13827.0,58,3,409.8,At risk,289.54,157.8
13828.0,22,1,209.49,Recent / one-off,329.55,127.09
13831.0,16,6,2198.45,Champions,442.53,543.93
13832.0,19,1,40.95,Recent / one-off,340.73,120.72
13833.0,159,1,383.85,Hibernating,131.93,135.95
13835.0,25,4,834.57,Loyal,283.82,429.92
13837.0,212,2,266.59,Hibernating,123.07,77.43
13838.0,6,4,674.82,Loyal,167.96,279.72
13841.0,253,1,85.0,Hibernating,93.76,24.43
13842.0,59,9,3385.62,At risk,712.77,1858.76
13844.0,11,1,361.62,Recent / one-off,374.6,337.75
13845.0,65,1,312.98,Hibernating,225.84,236.4
13846.0,25,3,847.61,Loyal,173.3,295.11
13848.0,92,3,1255.0,At risk,262.04,401.11
13849.0,52,2,1537.95,Hibernating,456.2,687.84
13850.0,129,1,1586.81,Hibernating,151.88,915.82
13851.0,96,3,2651.46,At risk,658.26,1559.14
13853.0,57,1,1056.94,Hibernating,238.34,317.93
13854.0,9,25,8025.42,Champions,1690.26,2018.09
13856.0,169,3,363.4,At risk,217.29,148.1
13858.0,57,1,216.17,Hibernating,238.34,166.0
13859.0,326,1,201.16,Hibernating,76.22,83.32
13860.0,1,5,1240.0,Champions,700.86,779.25
13862.0,18,8,2187.31,Champions,485.24,586.41
13863.0,248,1,299.56,Hibernating,95.25,189.42
13865.0,58,4,501.56,At risk,195.08,118.38
13866.0,74,1,145.67,Hibernating,210.1,149.96
13867.0,31,3,1005.09,Loyal,377.23,599.68
13868.0,7,2,3192.54,Recent / one-off,2286.36,498.15
13869.0,123,4,3083.65,At risk,636.01,1114.42
13870.0,2,8,2751.25,Champions,645.62,810.22
13871.0,23,13,6389.8,Loyal,1501.57,3999.92
13873.0,120,3,381.7,At risk,156.24,84.03
13874.0,358,1,540.45,Hibernating,70.51,75.51
13875.0,54,5,1786.79,At risk,438.87,555.79
13876.0,64,1,122.7,Hibernating,227.55,192.35
13877.0,86,1,117.24,Hibernating,193.88,225.46
13878.0,55,1,1271.57,Hibernating,244.14,342.78
13880.0,21,13,3219.77,Loyal,722.97,1940.26
13881.0,4,20,16989.52,Champions,3854.34,4537.44
13882.0,3,5,1131.28,Champions,891.93,960.57
13883.0,11,5,2542.25,Champions,535.09,876.27
13884.0,7,5,781.3,Champions,263.43,409.8
13885.0,189,2,506.8,Hibernating,161.99,169.19
13886.0,71,1,243.56,Hibernating,214.59,178.89
13887.0,204,1,349.55,Hibernating,110.22,165.88
13888.0,120,2,595.67,Hibernating,222.33,237.03
13889.0,93,1,416.9,Hibernating,186.68,199.5
13890.0,1,10,1860.86,Champions,437.78,902.87
13892.0,27,4,632.97,Loyal,275.31,427.29
13893.0,298,1,821.1,Hibernating,82.25,172.35
13894.0,24,3,535.97,Loyal,172.33,250.52
13895.0,28,4,2588.12,Loyal,961.09,1147.72
13897.0,50,1,311.16,Recent / one-off,252.31,491.03
13898.0,326,1,155.93,Hibernating,76.41,87.6
13899.0,16,2,388.52,Recent / one-off,123.06,246.2
13900.0,183,3,740.95,At risk,207.06,212.2
13901.0,72,5,2867.2,At risk,686.77,1452.34
13904.0,37,2,332.64,Recent / one-off,125.24,202.41
13908.0,80,4,2297.05,At risk,562.75,1190.79
13911.0,57,9,2580.91,At risk,628.71,802.11
13914.0,12,2,613.95,Recent / one-off,551.57,365.82
13917.0,50,2,272.04,Recent / one-off,197.38,235.39
13918.0,50,2,1212.84,Recent / one-off,355.86,815.99
13919.0,59,2,314.16,Hibernating,233.85,280.17
13922.0,352,1,172.25,Hibernating,71.69,99.36
13923.0,54,1,351.13,Hibernating,246.13,288.09
13924.0,2,6,1682.08,Champions,932.27,1405.71
13925.0,93,4,616.65,At risk,277.82,195.34
13926.0,23,1,223.85,Recent / one-off,325.99,128.47
13927.0,75,1,348.99,Hibernating,210.1,291.16
13928.0,11,4,464.57,Loyal,337.93,247.08
13929.0,169,2,802.85,Hibernating,174.24,420.61
13930.0,58,2,337.34,Hibernating,219.96,167.39
13931.0,96,2,1230.93,Hibernating,292.05,493.74
13932.0,295,1,307.4,Hibernating,82.93,87.01
13933.0,109,2,608.79,Hibernating,272.87,183.97
13934.0,264,1,922.1,Hibernating,90.66,366.8
13936.0,180,1,361.28,Hibernating,121.31,149.41
13937.0,169,1,158.85,Hibernating,126.4,102.1
13938.0,35,1,71.66,Recent / one-off,288.54,81.9
13939.0,23,3,556.75,Loyal,180.54,168.97
13940.0,17,4,839.14,Loyal,423.52,399.85
13941.0,22,5,4912.41,Loyal,868.02,2111.58
13946.0,79,3,561.57,At risk,196.22,184.05
13947.0,65,1,90.6,Hibernating,224.16,46.4
13948.0,361,1,102.0,Hibernating,70.18,25.75
13949.0,3,6,2427.32,Champions,1239.46,1194.91
13950.0,11,4,728.56,Loyal,267.49,355.42
13951.0,176,3,674.45,At risk,206.64,281.37
13952.0,218,2,3246.09,Hibernating,421.34,402.33
13953.0,7,7,3515.68,Champions,717.28,1749.06
13954.0,2,2,378.59,Recent / one-off,371.93,219.51
13955.0,154,2,322.96,Hibernating,118.7,219.96
13956.0,5,5,1019.27,Champions,340.25,370.73
13959.0,79,3,594.04,At risk,158.29,222.04
13960.0,21,2,230.22,Recent / one-off,307.67,168.0
13962.0,22,2,169.55,Recent / one-off,124.92,39.79
13963.0,308,4,664.54,At risk,186.36,138.47
13967.0,146,1,80.7,Hibernating,140.55,33.79
13969.0,7,18,8956.92,Champions,1871.0,4110.3
13971.0,19,8,2702.22,Loyal,697.29,925.45
13972.0,71,2,190.25,Hibernating,143.04,82.57
13973.0,287,1,264.7,Hibernating,84.56,86.47
13974.0,49,1,413.59,Recent / one-off,254.44,176.92
13975.0,31,6,2438.19,Loyal,556.04,791.43
13976.0,207,1,357.98,Hibernating,109.42,178.74
13978.0,15,2,196.79,Recent / one-off,333.5,134.85
13979.0,73,1,869.87,Hibernating,211.58,430.49
13980.0,60,1,200.14,Hibernating,232.82,189.52
13982.0,39,4,1861.31,Loyal,366.82,772.53
13983.0,30,12,2590.46,Loyal,552.06,887.7
13984.0,27,4,488.03,Loyal,151.85,121.43
13985.0,4,15,7024.53,Champions,1894.79,2505.16
13986.0,17,1,320.46,Recent / one-off,348.61,381.74
13988.0,20,6,4098.8,Loyal,1049.11,1859.51
13989.0,66,2,1266.08,Hibernating,208.03,446.33
13990.0,213,1,311.3,Hibernating,106.71,188.25
13991.0,12,6,846.54,Champions,472.13,527.71
13992.0,30,1,76.8,Recent / one-off,303.04,64.13
13993.0,43,9,3409.66,Loyal,779.53,1983.1
13994.0,4,6,2274.14,Champions,969.99,1089.41
13995.0,15,5,1383.49,Champions,418.03,530.68
13999.0,10,12,3867.66,Champions,828.17,1343.84
14000.0,211,1,633.71,Hibernating,107.47,180.97
14001.0,46,3,2043.08,Loyal,408.22,1481.43
14002.0,134,2,529.73,Hibernating,262.2,263.37
14004.0,43,7,4582.64,Loyal,1008.49,3040.3
14005.0,10,5,2874.72,Champions,945.93,1248.64
14006.0,116,3,962.19,At risk,239.21,395.04
14009.0,198,2,685.93,Hibernating,218.18,239.21
14012.0,278,1,328.8,Hibernating,87.0,412.0
14013.0,110,3,473.02,At risk,192.34,205.52
14014.0,77,1,505.18,Hibernating,205.8,824.83
14015.0,53,1,917.34,Hibernating,248.16,508.32
14016.0,162,4,4278.46,At risk,797.47,1349.33
14019.0,47,3,1398.96,Loyal,581.67,562.17
14020.0,17,2,642.8,Recent / one-off,378.77,351.24
14021.0,155,3,631.9,At risk,223.44,246.82
14022.0,225,1,440.0,Hibernating,102.36,130.82
14023.0,7,2,584.07,Recent / one-off,186.52,280.76
14024.0,122,2,327.7,Hibernating,208.44,326.79
14027.0,61,1,104.82,Hibernating,232.82,159.45
14029.0,63,2,467.66,Hibernating,276.03,250.27
14030.0,18,8,2358.84,Champions,427.07,916.07
14031.0,7,17,14698.91,Champions,2719.15,5808.72
14032.0,2,11,2929.84,Champions,626.27,996.71
14034.0,22,3,509.09,Loyal,216.05,266.38
14035.0,29,5,1428.02,Loyal,368.82,345.81
14036.0,285,1,626.65,Hibernating,85.28,81.19
14037.0,176,2,147.2,Hibernating,87.63,36.05
14038.0,78,3,1554.48,At risk,385.62,716.04
14039.0,33,1,152.2,Recent / one-off,294.17,187.87
14040.0,41,12,3491.64,Loyal,807.77,1931.55
14041.0,266,1,141.41,Hibernating,89.85,96.37
14044.0,27,4,646.42,Loyal,206.6,265.32
14045.0,109,4,1659.75,At risk,332.11,455.41
14046.0,284,1,151.59,Hibernating,85.28,68.17
14047.0,9,5,1290.01,Champions,285.81,608.66
14048.0,305,1,375.13,Hibernating,80.49,54.69
14049.0,17,4,5536.15,Loyal,1088.16,2870.47
14050.0,32,2,746.36,Recent / one-off,317.0,514.1
14051.0,1,23,15473.74,Champions,3154.78,6897.3
14052.0,20,1,225.36,Recent / one-off,340.73,427.17
14053.0,124,2,260.25,Hibernating,190.49,57.49
14054.0,65,1,92.46,Hibernating,224.16,53.17
14055.0,106,1,725.64,Hibernating,171.78,307.23
14056.0,1,23,8063.64,Champions,2016.34,4672.04
14057.0,24,17,6141.1,Loyal,1175.29,3331.14
14059.0,267,1,183.6,Hibernating,89.85,126.51
14060.0,5,19,6135.38,Champions,1267.49,2803.62
14062.0,10,12,10464.85,Champions,2033.23,3770.36
14064.0,29,5,1172.46,Loyal,358.77,442.49
14066.0,267,1,152.55,Hibernating,89.85,108.25
14067.0,64,2,374.7,Hibernating,283.88,229.63
14068.0,320,1,265.85,Hibernating,77.39,86.12
14071.0,4,7,1291.34,Champions,393.64,492.69
14073.0,32,1,139.54,Recent / one-off,297.07,138.14
14075.0,5,3,942.26,Loyal,270.29,456.88
14076.0,129,1,118.67,Hibernating,151.88,196.36
14077.0,41,5,499.42,Loyal,207.67,125.92
14078.0,102,6,1049.37,At risk,266.74,395.77
14079.0,125,1,375.1,Hibernating,155.8,235.82
14080.0,33,1,45.6,Recent / one-off,297.07,76.38
14081.0,302,2,891.77,Hibernating,165.8,110.34
14082.0,365,1,182.25,Hibernating,69.54,92.03
14083.0,4,9,1002.9,Champions,230.61,378.8
14085.0,2,18,4408.54,Champions,931.79,2078.83
14087.0,3,1,178.72,Recent / one-off,421.78,264.11
14088.0,10,13,50415.49,Champions,9826.44,23560.93
14089.0,57,1,158.75,Hibernating,240.24,134.01
14090.0,325,1,76.32,Hibernating,76.61,18.66
14092.0,8,14,4063.1,Champions,886.49,2029.23
14093.0,12,1,433.86,Recent / one-off,370.0,588.88
14096.0,4,17,53258.43,Champions,28174.37,38164.4
14098.0,37,1,147.35,Recent / one-off,285.8,80.97
14099.0,16,11,3092.97,Champions,660.86,870.9
14100.0,138,1,191.95,Hibernating,145.99,133.57
14101.0,74,6,5976.79,At risk,1243.12,2896.09
14102.0,5,5,1060.33,Champions,985.01,677.23
14104.0,155,2,216.21,Hibernating,185.27,60.12
14105.0,239,1,1260.33,Hibernating,97.72,295.72
14107.0,52,7,2688.48,At risk,561.42,933.28
14108.0,31,2,594.16,Recent / one-off,347.55,211.03
14109.0,73,1,80.2,Hibernating,213.07,55.49
14110.0,4,12,5669.65,Champions,1383.87,2033.6
14111.0,14,4,688.6,Loyal,284.09,308.95
14112.0,23,6,2774.17,Loyal,669.72,1033.49
14113.0,4,3,1377.52,Loyal,762.08,1294.12
14114.0,274,2,386.53,Hibernating,125.71,301.73
14116.0,20,5,1382.74,Loyal,680.97,712.99
14117.0,144,1,90.0,Hibernating,141.87,72.26
14121.0,4,4,2740.3,Loyal,1954.8,750.83
14124.0,84,1,419.58,Hibernating,196.41,250.31
14125.0,11,3,2720.63,Loyal,1047.84,990.39
14126.0,11,2,643.63,Recent / one-off,379.32,364.58
14127.0,123,3,709.71,At risk,183.41,295.43
14128.0,61,2,637.5,Hibernating,188.72,296.66
14129.0,2,5,1123.86,Champions,311.46,335.7
14130.0,319,1,480.91,Hibernating,77.59,72.24
14132.0,2,11,3580.13,Champions,1306.34,1200.17
14133.0,130,3,590.34,At risk,150.23,275.52
14135.0,2,15,4690.31,Champions,939.45,2602.56
14138.0,2,2,965.88,Recent / one-off,469.5,363.82
14139.0,46,1,415.82,Recent / one-off,261.05,161.22
14140.0,4,2,920.05,Recent / one-off,657.98,415.44
14141.0,3,4,879.03,Loyal,517.98,330.69
14142.0,373,1,311.81,Hibernating,68.12,73.2
14143.0,134,1,115.8,Hibernating,148.88,88.48
14145.0,47,4,3148.2,Loyal,728.38,508.23
14146.0,9,4,2949.57,Loyal,697.41,880.27
14147.0,78,2,468.4,Hibernating,162.5,688.02
14148.0,234,1,157.2,Hibernating,99.65,115.32
14149.0,221,1,259.43,Hibernating,104.13,111.08
14150.0,36,2,658.64,Recent / one-off,146.67,393.02
14152.0,75,2,611.09,Hibernating,195.28,374.98
14154.0,239,2,1345.62,Hibernating,97.72,384.38
14155.0,266,1,118.75,Hibernating,89.85,126.6
14156.0,10,54,113686.46,Champions,23355.52,29244.61
14157.0,20,2,392.44,Recent / one-off,133.77,193.04
14158.0,40,1,507.66,Recent / one-off,275.36,316.28
14159.0,20,11,4613.27,Loyal,1000.55,3015.94
14161.0,216,3,1097.62,At risk,237.58,220.11
14162.0,174,2,289.36,Hibernating,121.63,138.58
14163.0,87,4,2445.91,At risk,680.39,1187.93
14164.0,71,2,1631.77,Hibernating,423.35,529.81
14165.0,276,1,120.44,Hibernating,87.5,180.66
14167.0,39,4,562.59,Loyal,182.22,106.3
14171.0,98,1,363.79,Hibernating,179.99,269.23
14173.0,11,4,450.84,Loyal,224.61,189.71
14174.0,33,1,134.46,Recent / one-off,294.17,128.97
14175.0,60,3,3108.06,At risk,681.55,1821.74
14176.0,297,4,574.0,At risk,163.66,93.91
14177.0,86,4,544.01,At risk,293.65,248.38
14178.0,9,7,1580.26,Champions,635.66,909.34
14179.0,41,2,701.57,Recent / one-off,395.25,495.88
14180.0,11,25,4640.77,Champions,995.36,1261.28
14184.0,67,1,452.89,Hibernating,222.51,267.19
14185.0,331,1,197.65,Hibernating,75.27,90.64
14188.0,31,6,2018.91,Loyal,472.63,517.35
14189.0,2,15,4604.31,Champions,965.97,1873.5
14191.0,2,13,4660.01,Champions,1524.99,2244.83
14193.0,68,2,853.39,Hibernating,203.82,457.51
14194.0,5,21,11216.75,Champions,2635.68,4312.47
14195.0,202,2,962.7,Hibernating,154.31,183.22
14196.0,107,1,335.52,Hibernating,171.78,152.48
14198.0,18,4,663.5,Loyal,257.35,428.63
14199.0,218,1,185.4,Hibernating,104.85,125.01
14201.0,60,7,688.04,At risk,223.93,224.28
14204.0,2,1,150.61,Recent / one-off,421.78,178.02
14205.0,17,2,228.5,Recent / one-off,162.91,294.1
14206.0,239,1,308.26,Hibernating,97.72,139.95
14208.0,95,1,151.74,Hibernating,184.39,124.49
14209.0,11,6,2067.13,Champions,467.93,467.78
14210.0,106,6,1900.89,At risk,402.26,530.37
14211.0,53,9,2208.3,At risk,607.71,1146.56
14212.0,90,1,1070.48,Hibernating,190.21,537.18
14214.0,31,5,1000.23,Loyal,201.76,338.48
14215.0,12,6,1777.92,Champions,408.18,620.77
14216.0,3,4,1839.3,Loyal,1451.7,1007.16
14217.0,2,17,1925.36,Champions,466.38,874.58
14218.0,43,1,169.48,Recent / one-off,270.42,115.22
14219.0,4,1,89.94,Recent / one-off,410.3,62.85
14220.0,247,2,632.4,Hibernating,140.95,235.94
14221.0,42,9,3427.85,Loyal,761.3,1427.56
14222.0,177,1,683.17,Hibernating,122.3,491.2
14223.0,92,3,975.23,At risk,280.69,561.64
14224.0,110,4,1009.73,At risk,263.58,292.08
14226.0,29,5,2184.64,Loyal,428.37,659.02
14227.0,26,10,3315.71,Loyal,743.57,1354.42
14229.0,52,3,1450.6,At risk,315.32,897.32
14231.0,184,3,822.06,At risk,227.39,447.32
14232.0,43,5,2043.93,Loyal,463.45,744.46
14233.0,49,4,1447.51,Loyal,392.74,491.47
14234.0,22,4,754.12,Loyal,571.3,614.19
14235.0,75,5,3093.86,At risk,690.76,986.27
14236.0,81,2,490.86,Hibernating,133.31,414.23
14237.0,373,1,161.0,Hibernating,68.12,111.24
14238.0,326,1,146.85,Hibernating,76.22,56.16
14239.0,43,11,2323.5,Loyal,600.61,721.22
14240.0,30,2,890.34,Recent / one-off,296.22,367.41
14241.0,184,1,213.7,Hibernating,119.39,125.96
14242.0,235,2,280.55,Hibernating,117.52,128.42
14243.0,9,10,2535.88,Champions,563.72,543.47
14245.0,220,2,1677.48,Hibernating,267.25,304.68
14246.0,111,3,1474.06,At risk,386.3,582.42
14247.0,278,1,136.77,Hibernating,86.75,175.49
14248.0,318,1,302.58,Hibernating,77.79,82.12
14250.0,7,3,1904.05,Loyal,556.24,838.02
14251.0,2,5,2879.7,Champions,1403.74,424.81
14256.0,260,2,935.06,Hibernating,155.6,238.68
14257.0,64,5,3087.27,At risk,648.42,1712.45
14258.0,9,9,12652.98,Champions,2154.04,3673.45
14259.0,142,1,120.0,Hibernating,143.22,83.22
14261.0,51,2,1163.45,Recent / one-off,355.57,719.71
14262.0,8,8,2618.23,Champions,801.37,1480.3
14264.0,155,2,319.47,Hibernating,166.38,152.33
14265.0,109,2,530.18,Hibernating,262.18,167.23
14267.0,163,3,1279.09,At risk,218.73,479.75
14270.0,332,1,492.65,Hibernating,75.27,80.29
14271.0,226,1,112.32,Hibernating,102.36,66.76
14272.0,74,2,437.96,Hibernating,182.99,299.72
14273.0,51,4,559.97,Loyal,243.22,191.12
14276.0,99,3,1019.39,At risk,276.81,378.66
14277.0,15,3,3892.8,Loyal,870.51,1972.57
14280.0,197,1,134.04,Hibernating,113.54,77.39
14282.0,3,15,3701.44,Champions,731.84,1672.19
14284.0,31,2,578.45,Recent / one-off,399.52,342.68
14285.0,21,4,1910.01,Loyal,810.27,1006.75
14286.0,24,3,4595.81,Loyal,798.71,2321.83
14287.0,8,3,156.23,Loyal,159.01,29.83
14288.0,213,1,413.85,Hibernating,106.71,83.83
14289.0,9,6,911.26,Champions,250.91,152.82
14290.0,11,5,2307.45,Champions,395.83,723.82
14291.0,2,11,3873.3,Champions,845.38,1723.29
14292.0,8,9,4820.63,Champions,1189.11,2429.71
14293.0,3,4,1046.56,Loyal,218.47,357.97
14295.0,40,1,157.7,Recent / one-off,275.36,113.6
14297.0,18,4,1290.48,Loyal,370.84,1274.82
14298.0,8,44,50862.44,Champions,10122.97,19075.56
14299.0,8,9,2855.35,Champions,674.05,1460.04
14300.0,19,1,43.2,Recent / one-off,344.62,127.62
14301.0,117,1,632.04,Hibernating,161.65,243.27
14304.0,223,1,197.1,Hibernating,103.42,121.67
14305.0,71,3,1803.76,At risk,509.6,856.19
14306.0,51,2,2083.42,Recent / one-off,426.08,915.46
14307.0,89,6,2995.72,At risk,516.06,1116.21
14309.0,8,9,2319.68,Champions,546.8,652.4
14311.0,243,1,229.71,Hibernating,96.77,164.25
14312.0,47,6,1611.59,Loyal,373.26,630.29
14314.0,107,1,120.0,Hibernating,171.78,95.2
14315.0,45,6,2456.98,Loyal,613.56,1229.76
14317.0,65,1,508.58,Hibernating,225.84,301.63
14320.0,207,2,343.11,Hibernating,112.17,215.59
14321.0,11,5,1530.75,Champions,352.35,449.51
14323.0,115,2,574.26,Hibernating,192.35,251.21
14326.0,242,1,166.85,Hibernating,96.77,142.98
14327.0,163,1,311.65,Hibernating,129.66,148.14
14329.0,17,7,4889.14,Champions,831.35,2165.71
14331.0,124,2,462.66,Hibernating,202.5,175.35
14332.0,23,3,840.21,Loyal,445.71,539.45
14333.0,68,1,351.45,Hibernating,220.88,224.04
14334.0,17,8,2539.46,Champions,547.55,581.01
14335.0,16,2,454.86,Recent / one-off,263.66,212.12
14336.0,17,4,1614.91,Loyal,374.23,580.52
14338.0,161,2,554.22,Hibernating,135.07,184.55
14339.0,243,1,293.73,Hibernating,96.77,149.97
14340.0,219,1,134.7,Hibernating,104.85,73.63
14341.0,45,8,2151.08,Loyal,504.9,1150.92
14342.0,21,4,608.71,Loyal,244.39,290.85
14344.0,127,8,889.93,At risk,203.76,297.32
14345.0,39,1,108.98,Recent / one-off,280.48,135.33
14346.0,121,2,1021.58,Hibernating,258.48,503.31
14348.0,260,1,409.57,Hibernating,91.49,116.26
14349.0,10,1,133.5,Recent / one-off,379.32,185.73
14350.0,274,1,258.7,Hibernating,87.76,159.73
14351.0,165,1,51.0,Hibernating,129.11,23.09
14352.0,157,4,1078.96,At risk,312.17,570.9
14353.0,215,1,90.6,Hibernating,105.96,46.14
14354.0,6,2,163.62,Recent / one-off,413.78,59.15
14355.0,366,1,174.4,Hibernating,69.38,105.13
14356.0,80,2,666.94,Hibernating,418.74,390.98
14357.0,43,1,225.12,Recent / one-off,268.01,171.35
14359.0,19,3,882.58,Loyal,446.98,906.47
14360.0,32,4,2118.03,Loyal,727.58,1399.11
14362.0,22,1,151.5,Recent / one-off,329.55,82.54
14364.0,109,8,3717.35,At risk,1072.45,848.05
14367.0,8,15,9134.12,Champions,2219.49,2849.57
14368.0,320,1,155.0,Hibernating,77.59,73.05
14371.0,295,1,100.5,Hibernating,82.7,28.55
14373.0,358,1,76.55,Hibernating,70.51,20.36
14375.0,185,1,235.56,Hibernating,118.45,139.16
14377.0,191,2,617.05,Hibernating,177.76,233.75
14379.0,44,2,348.1,Recent / one-off,147.61,217.65
14381.0,52,1,202.68,Hibernating,248.16,515.77
14382.0,26,1,615.49,Recent / one-off,315.74,298.55
14383.0,38,3,1247.69,Loyal,515.9,552.33
14385.0,9,3,202.11,Loyal,531.46,267.86
14386.0,297,1,142.4,Hibernating,82.48,70.78
14387.0,33,3,1727.6,Loyal,801.91,1136.15
14388.0,10,8,3172.04,Champions,660.0,1205.42
14389.0,65,2,999.72,Hibernating,349.29,389.62
14390.0,10,9,4582.22,Champions,956.4,2697.18
14393.0,218,1,67.95,Hibernating,104.85,41.01
14395.0,2,9,3444.11,Champions,715.13,2053.5
14396.0,65,2,487.99,Hibernating,147.15,271.21
14397.0,3,19,2556.68,Champions,901.04,2359.76
14400.0,149,1,559.7,Hibernating,137.97,184.08
14401.0,4,13,4039.98,Champions,880.75,1349.58
14403.0,130,4,1426.31,At risk,302.93,361.62
14404.0,34,6,1409.72,Loyal,341.76,362.35
14406.0,119,1,156.75,Hibernating,159.93,113.82
14407.0,107,5,2096.08,At risk,550.71,925.78
14408.0,11,7,2599.03,Champions,705.77,998.07
14409.0,71,5,1908.25,At risk,427.45,684.58
14410.0,92,9,588.05,At risk,281.28,201.2
14411.0,311,1,1063.0,Hibernating,79.43,115.25
14412.0,43,2,761.33,Recent / one-off,414.53,493.12
14413.0,362,1,121.05,Hibernating,69.86,61.95
14414.0,92,7,1485.13,At risk,350.48,340.33
14415.0,1,13,5767.05,Champions,1116.34,3256.87
14416.0,22,2,490.22,Recent / one-off,406.77,285.1
14418.0,4,3,1937.25,Loyal,1038.69,959.1
14419.0,11,6,1051.79,Champions,275.19,527.0
14420.0,99,1,385.87,Hibernating,178.92,242.23
14421.0,57,2,813.11,Hibernating,225.59,270.56
14422.0,1,6,4263.64,Champions,1110.18,1225.08
14423.0,218,1,265.2,Hibernating,104.85,140.14
14424.0,18,1,322.08,Recent / one-off,348.61,149.7
14426.0,24,10,3928.5,Loyal,943.31,1728.58
14427.0,50,2,363.34,Recent / one-off,290.43,311.51
14428.0,7,5,1209.37,Champions,316.41,564.06
14431.0,303,1,423.26,Hibernating,81.14,67.26
14432.0,10,6,2248.5,Champions,1338.66,1524.14
14434.0,22,6,1372.8,Loyal,925.48,450.0
14436.0,99,1,89.06,Hibernating,179.99,53.15
14437.0,366,1,63.0,Hibernating,69.38,20.36
14438.0,306,1,131.9,Hibernating,80.28,48.73
14439.0,320,1,2661.24,Hibernating,77.59,140.87
14440.0,8,5,2357.68,Champions,424.54,745.68
14441.0,1,4,1549.34,Loyal,452.66,533.19
14442.0,205,2,1544.62,Hibernating,275.16,443.95
14443.0,54,4,1400.88,At risk,301.8,509.51
14446.0,1,4,1005.55,Loyal,308.55,1073.15
14447.0,19,5,1163.23,Loyal,325.86,491.55
14448.0,9,2,375.35,Recent / one-off,130.6,192.34
14449.0,19,4,885.8,Loyal,215.32,457.07
14450.0,181,3,483.25,At risk,163.28,267.0
14451.0,60,2,643.9,Hibernating,218.12,343.0
14452.0,11,2,259.05,Recent / one-off,280.27,284.32
14453.0,190,1,119.93,Hibernating,116.17,91.13
14456.0,5,9,2999.55,Champions,1371.42,875.72
14457.0,311,1,113.64,Hibernating,79.43,46.97
14459.0,155,1,1837.92,Hibernating,134.28,574.89
14460.0,110,3,383.34,At risk,185.42,135.22
14461.0,148,3,2102.67,At risk,442.94,754.95
14462.0,66,11,1937.45,At risk,492.12,742.66
14463.0,98,3,529.62,At risk,259.17,167.63
14465.0,247,3,1038.44,At risk,187.89,196.78
14466.0,29,7,2272.4,Loyal,462.83,913.74
14467.0,18,4,596.26,Loyal,202.44,166.04
14470.0,12,2,461.19,Recent / one-off,134.75,199.4
14472.0,104,8,1852.67,At risk,424.74,379.79
14473.0,74,2,234.34,Hibernating,133.49,73.58
14474.0,46,1,537.71,Recent / one-off,261.05,378.64
14475.0,72,3,799.82,At risk,212.79,355.17
14476.0,257,1,193.0,Hibernating,92.33,123.36
14477.0,20,4,1307.81,Loyal,367.16,424.78
14479.0,254,2,316.25,Hibernating,106.64,172.34
14480.0,11,1,279.05,Recent / one-off,374.6,270.3
14481.0,165,2,636.51,Hibernating,172.15,326.64
14482.0,18,6,2022.81,Champions,627.42,1212.59
14483.0,282,1,129.2,Hibernating,86.01,74.09
14484.0,50,1,321.92,Recent / one-off,252.31,369.28
14485.0,39,1,162.8,Recent / one-off,280.48,111.22
14487.0,27,6,1152.73,Loyal,292.09,488.98
14488.0,68,1,1048.33,Hibernating,220.88,311.56
14489.0,207,1,463.38,Hibernating,109.03,111.05
14491.0,175,2,340.93,Hibernating,117.71,181.32
14493.0,7,5,2362.84,Champions,841.08,832.04
14494.0,26,1,139.56,Recent / one-off,319.08,172.07
14495.0,51,2,123.8,Recent / one-off,219.11,28.83
14496.0,312,2,538.81,Hibernating,121.12,117.52
14497.0,309,1,457.47,Hibernating,79.64,64.62
14498.0,43,5,1957.32,Loyal,446.45,1246.17
14499.0,26,3,808.44,Loyal,269.22,423.89
14500.0,88,3,356.85,At risk,166.22,127.68
14501.0,184,2,198.71,Hibernating,117.23,102.21
14502.0,20,10,2307.14,Loyal,602.28,1048.84
14503.0,3,6,3543.26,Champions,1188.71,1386.15
14504.0,47,4,673.26,Loyal,237.2,271.25
14505.0,17,8,5771.23,Champions,1060.32,3240.31
14506.0,17,5,1960.65,Champions,421.19,1096.49
14507.0,24,6,1352.88,Loyal,357.12,463.83
14508.0,22,2,268.05,Recent / one-off,286.75,493.68
14511.0,11,5,1267.41,Champions,668.77,570.29
14512.0,188,2,275.28,Hibernating,155.53,127.57
14513.0,101,3,438.49,At risk,204.33,94.98
14514.0,61,3,990.2,At risk,243.76,567.59
14515.0,18,6,2076.89,Champions,626.87,665.23
14517.0,33,2,330.45,Recent / one-off,196.35,206.81
14518.0,64,1,174.37,Hibernating,225.84,135.77
14520.0,2,2,270.6,Recent / one-off,120.98,90.47
14522.0,24,4,974.54,Loyal,361.84,460.1
14523.0,108,1,241.09,Hibernating,169.85,141.16
14524.0,32,9,1843.83,Loyal,407.0,566.65
14525.0,20,9,4150.07,Loyal,850.13,2602.64
14527.0,3,55,8477.53,Champions,1783.91,3214.49
14528.0,37,1,364.22,Recent / one-off,283.12,200.92
14529.0,60,3,578.61,At risk,409.99,344.26
14530.0,26,6,2862.11,Loyal,627.83,737.49
14532.0,236,4,932.85,At risk,232.5,254.45
14533.0,25,7,1812.62,Loyal,378.48,1089.16
14534.0,3,18,4024.15,Champions,960.93,2331.0
14535.0,60,3,2831.74,At risk,630.51,742.66
14536.0,260,1,170.95,Hibernating,91.77,137.28
14537.0,58,1,355.56,Hibernating,238.34,299.32
14538.0,65,2,388.25,Hibernating,176.05,254.39
14539.0,16,2,537.48,Recent / one-off,631.84,332.3
14540.0,10,3,952.66,Loyal,262.68,531.98
14541.0,59,8,1453.35,At risk,390.69,433.36
14542.0,186,1,103.25,Hibernating,118.45,100.82
14543.0,29,16,2943.12,Loyal,745.63,876.98
14544.0,24,2,2004.3,Recent / one-off,246.16,794.8
14546.0,5,5,2483.86,Champions,654.59,712.95
14547.0,4,8,3953.95,Champions,2793.45,1050.87
14548.0,151,2,652.8,Hibernating,157.32,379.24
14549.0,311,1,289.24,Hibernating,79.22,182.04
14550.0,11,2,757.37,Recent / one-off,598.15,325.18
14551.0,18,2,186.23,Recent / one-off,146.19,73.42
14552.0,152,1,164.22,Hibernating,136.72,321.93
14553.0,19,5,859.27,Loyal,228.95,346.59
14554.0,10,4,2279.49,Loyal,1665.61,1011.75
14555.0,57,2,312.54,Hibernating,121.42,190.92
14560.0,7,21,2175.63,Champions,467.88,653.2
14561.0,76,3,1080.76,At risk,425.37,733.15
14562.0,4,18,4682.92,Champions,1176.91,2607.63
14565.0,96,4,2923.77,At risk,433.03,1017.77
14566.0,111,1,1432.0,Hibernating,167.96,197.33
14567.0,57,2,1524.46,Hibernating,460.96,700.16
14569.0,1,1,227.39,Recent / one-off,427.76,106.27
14570.0,281,2,217.21,Hibernating,86.25,179.41
14572.0,3,7,2775.39,Champions,644.95,1193.38
14573.0,180,8,1590.12,At risk,325.3,260.86
14576.0,372,1,35.4,Hibernating,68.28,39.9
14577.0,13,4,859.71,Loyal,188.43,298.13
14578.0,3,1,168.63,Recent / one-off,415.96,164.02
14581.0,17,1,138.6,Recent / one-off,352.69,265.23
14582.0,41,1,114.11,Recent / one-off,275.36,181.03
14583.0,6,5,986.96,Champions,406.36,369.06
14584.0,169,4,969.26,At risk,378.57,345.59
14585.0,50,1,157.05,Recent / one-off,252.31,124.34
14586.0,277,1,134.16,Hibernating,87.25,155.95
14587.0,19,9,1577.39,Loyal,399.93,532.11
14589.0,372,1,39.75,Hibernating,68.43,16.68
14591.0,15,4,1320.21,Loyal,434.44,564.5
14592.0,35,3,557.94,Loyal,459.79,503.45
14593.0,22,3,617.15,Loyal,213.0,367.26
14594.0,7,2,363.33,Recent / one-off,98.77,148.86
14595.0,20,6,1740.6,Loyal,458.93,1051.24
14597.0,11,2,866.24,Recent / one-off,346.21,404.0
14598.0,44,1,221.97,Recent / one-off,265.65,214.58
14600.0,306,1,393.33,Hibernating,80.49,54.63
14601.0,11,1,213.96,Recent / one-off,379.32,278.56
14603.0,275,1,660.0,Hibernating,87.76,419.76
14606.0,1,90,11489.25,Champions,2444.4,3777.93
14607.0,16,10,9793.1,Champions,2555.43,3823.78
14608.0,4,4,1785.15,Loyal,397.71,801.5
14609.0,72,4,601.56,At risk,209.69,281.08
14616.0,243,3,406.08,At risk,131.75,263.61
14618.0,9,3,538.59,Loyal,160.39,276.8
14619.0,246,1,379.51,Hibernating,95.85,161.86
14620.0,206,2,393.28,Hibernating,135.02,230.43
14621.0,1,5,1765.76,Champions,383.15,833.55
14622.0,185,1,320.58,Hibernating,118.92,98.4
14623.0,32,5,862.12,Loyal,315.17,493.42
14624.0,57,2,225.85,Hibernating,283.61,175.93
14625.0,196,2,848.48,Hibernating,136.54,339.22
14626.0,24,4,2757.07,Loyal,736.81,1251.24
14628.0,91,2,671.96,Hibernating,198.72,355.37
14629.0,4,2,935.46,Recent / one-off,539.32,435.68
14631.0,51,3,1006.98,Loyal,257.24,302.59
14632.0,263,1,114.56,Hibernating,90.94,100.91
14633.0,266,1,344.9,Hibernating,89.85,209.86
14636.0,36,2,609.85,Recent / one-off,176.27,322.96
14638.0,51,1,443.6,Recent / one-off,252.31,561.56
14639.0,52,6,2952.34,At risk,537.17,1294.96
14640.0,24,6,2024.45,Loyal,612.09,814.6
14641.0,22,1,110.46,Recent / one-off,333.19,146.11
14642.0,59,1,96.12,Hibernating,236.47,105.59
14643.0,170,2,668.61,Hibernating,143.97,305.68
14644.0,68,2,780.46,Hibernating,222.32,1118.61
14645.0,157,2,597.09,Hibernating,183.46,273.53
14646.0,2,72,278778.02,Champions,59602.42,45497.85
14647.0,201,1,236.04,Hibernating,111.45,139.72
14649.0,5,4,1402.59,Loyal,371.86,437.45
14651.0,67,2,653.75,Hibernating,192.15,314.24
14652.0,77,1,114.18,Hibernating,205.8,123.99
14653.0,1,7,1916.7,Champions,429.72,940.69
14655.0,8,4,1930.15,Loyal,454.9,642.07
14656.0,169,2,291.05,Hibernating,135.03,132.1
14657.0,18,4,838.27,Loyal,188.35,309.79
14658.0,5,2,247.15,Recent / one-off,240.97,140.98
14659.0,9,9,2456.53,Champions,542.0,1088.04
14660.0,87,2,285.74,Hibernating,280.31,141.65
14661.0,27,1,107.95,Recent / one-off,315.74,107.92
14662.0,29,4,741.37,Loyal,239.78,283.31
14664.0,20,2,636.24,Recent / one-off,534.03,307.86
14665.0,90,4,1258.38,At risk,289.14,787.81
14666.0,24,1,179.95,Recent / one-off,322.5,81.25
14667.0,11,25,9160.79,Champions,1869.04,4525.38
14669.0,242,3,1259.24,At risk,170.06,380.06
14670.0,280,2,392.86,Hibernating,86.25,76.69
14672.0,235,2,765.55,Hibernating,179.7,200.95
14673.0,3,5,1736.4,Champions,356.15,534.32
14675.0,16,1,596.36,Recent / one-off,352.69,456.77
14676.0,31,6,2543.6,Loyal,600.03,795.19
14680.0,25,16,26936.45,Loyal,5245.33,14732.66
14681.0,71,3,498.95,At risk,154.89,156.54
14682.0,188,2,52.0,Hibernating,139.23,18.51
14684.0,26,5,1201.51,Loyal,294.71,531.59
14687.0,107,1,628.38,Hibernating,171.78,288.59
14688.0,8,21,5055.61,Champions,1030.43,2401.14
14689.0,209,1,112.8,Hibernating,108.63,74.28
14690.0,44,2,341.96,Recent / one-off,210.38,185.12
14691.0,31,5,2114.33,Loyal,637.76,648.08
14692.0,137,4,582.05,At risk,168.64,173.0
14693.0,265,1,172.9,Hibernating,90.39,141.23
14696.0,4,7,2072.67,Champions,439.43,436.98
14697.0,218,2,188.61,Hibernating,104.85,122.41
14698.0,2,5,1217.27,Champions,832.03,1344.97
14699.0,214,1,109.13,Hibernating,106.33,75.68
14700.0,32,3,2195.1,Loyal,515.52,886.21
14701.0,11,9,2462.94,Champions,581.65,975.21
14702.0,1,17,3210.29,Champions,689.44,1491.25
14703.0,15,1,318.17,Recent / one-off,361.14,750.53
14704.0,20,7,1461.62,Loyal,633.06,818.11
14705.0,199,1,179.0,Hibernating,112.7,86.32
14708.0,3,3,1096.67,Loyal,217.93,548.91
14709.0,15,13,4911.14,Champions,1048.25,2259.81
14710.0,14,4,599.48,Loyal,576.15,663.89
14711.0,10,11,2809.02,Champions,825.48,1105.15
14712.0,29,3,917.07,Loyal,568.1,470.21
14713.0,9,11,2660.1,Champions,573.35,769.14
14714.0,24,1,160.19,Recent / one-off,322.5,80.98
14715.0,25,4,867.38,Loyal,248.74,347.52
14716.0,43,2,307.51,Recent / one-off,207.26,261.78
14719.0,2,5,1571.89,Champions,484.21,904.87
14720.0,6,3,663.81,Loyal,403.69,499.99
14722.0,147,1,180.42,Hibernating,139.25,125.79
14723.0,10,6,1120.66,Champions,257.92,723.18
14725.0,25,1,655.58,Recent / one-off,322.5,227.51
14727.0,274,1,268.58,Hibernating,87.76,156.09
14729.0,374,1,313.49,Hibernating,68.12,65.9
14730.0,1,8,1897.57,Champions,529.33,1426.72
14731.0,47,3,380.02,Loyal,205.47,133.51
14732.0,8,8,2686.34,Champions,629.69,1242.27
14733.0,16,12,9453.05,Champions,1653.0,3835.94
14735.0,4,30,5792.69,Champions,1255.54,2427.29
14737.0,4,3,1164.55,Loyal,230.2,341.93
14738.0,43,7,1289.94,Loyal,347.29,614.74
14739.0,4,7,3899.1,Champions,726.52,2754.53
14740.0,197,3,1423.21,At risk,316.05,387.47
14741.0,12,6,1400.34,Champions,326.75,416.93
14744.0,16,7,1088.53,Champions,261.16,432.94
14745.0,113,5,1167.16,At risk,340.68,651.42
14747.0,249,1,294.3,Hibernating,94.65,177.54
14748.0,29,5,1318.85,Loyal,269.41,420.6
14752.0,44,1,389.64,Recent / one-off,268.01,232.27
14753.0,87,1,563.15,Hibernating,192.64,1274.51
14754.0,45,2,638.05,Recent / one-off,184.75,283.06
14755.0,10,11,4965.38,Champions,1081.75,2849.76
14756.0,15,1,738.96,Recent / one-off,356.86,318.82
14757.0,75,1,420.5,Hibernating,208.65,820.5
14758.0,145,4,1484.06,At risk,328.96,457.98
14759.0,5,3,1625.97,Loyal,410.98,727.06
14760.0,297,1,53.8,Hibernating,82.25,16.68
14761.0,59,2,255.9,Hibernating,118.05,86.6
14762.0,264,1,300.52,Hibernating,90.66,122.74
14764.0,47,1,250.55,Recent / one-off,261.05,169.8
14765.0,29,3,254.11,Loyal,209.15,88.38
14766.0,8,6,2423.07,Champions,545.56,924.0
14768.0,17,2,139.5,Recent / one-off,202.92,45.02
14769.0,3,8,10382.18,Champions,2158.44,5452.31
14770.0,232,2,876.42,Hibernating,209.13,265.87
14772.0,112,1,139.26,Hibernating,166.1,138.73
14775.0,58,3,1011.9,At risk,196.91,380.87
14776.0,51,10,2195.58,Loyal,479.73,902.91
14778.0,127,2,730.86,Hibernating,175.69,408.47
14779.0,281,3,386.15,At risk,120.31,80.21
14780.0,55,2,447.68,Hibernating,297.83,263.9
14782.0,320,1,200.1,Hibernating,77.59,74.82
14784.0,26,2,289.99,Recent / one-off,124.73,107.26
14785.0,10,2,77.4,Recent / one-off,452.07,67.88
14788.0,7,2,679.44,Recent / one-off,624.22,273.11
14789.0,29,1,197.64,Recent / one-off,309.26,177.65
14790.0,17,4,745.06,Loyal,273.12,311.87
14793.0,21,1,214.14,Recent / one-off,333.19,163.93
14794.0,3,7,1274.11,Champions,337.59,561.83
14795.0,166,1,131.45,Hibernating,128.01,81.75
14796.0,1,17,7790.95,Champions,1570.83,3300.98
14798.0,53,3,173.74,At risk,118.88,28.65
14799.0,51,1,157.7,Recent / one-off,250.22,139.85
14800.0,48,12,4228.39,Loyal,837.61,1737.67
14801.0,61,1,189.34,Hibernating,231.04,207.23
14803.0,162,3,845.55,At risk,171.63,422.75
14804.0,9,1,353.27,Recent / one-off,389.11,215.56
14805.0,15,4,546.4,Loyal,195.86,153.02
14806.0,75,1,193.39,Hibernating,208.65,142.92
14808.0,40,8,2277.8,Loyal,821.36,951.58
14810.0,41,11,2085.33,Loyal,476.19,474.0
14813.0,370,2,152.88,Hibernating,68.74,102.81
14815.0,37,2,778.5,Recent / one-off,388.38,489.26
14816.0,197,1,271.85,Hibernating,113.12,222.36
14817.0,200,2,1010.34,Hibernating,210.14,290.27
14818.0,74,3,657.8,At risk,252.76,320.8
14819.0,64,2,272.07,Hibernating,190.84,137.09
14820.0,21,4,507.29,Loyal,284.67,299.41
14821.0,367,1,48.8,Hibernating,69.22,18.68
14823.0,180,3,321.43,At risk,166.61,146.04
14824.0,10,4,1127.71,Loyal,597.79,1094.66
14825.0,4,12,2221.01,Champions,504.63,798.85
14828.0,197,3,2139.76,At risk,408.04,929.95
14829.0,29,4,644.65,Loyal,172.65,251.85
14830.0,53,1,188.03,Hibernating,246.13,170.42
14834.0,18,6,1698.35,Champions,537.03,928.14
14836.0,10,3,102.45,Loyal,394.15,151.71
14837.0,90,4,1641.2,At risk,499.39,776.36
14840.0,268,1,62.85,Hibernating,89.58,37.16
14841.0,53,6,3295.76,At risk,678.92,1376.82
14842.0,44,4,2456.8,Loyal,647.31,1632.24
14844.0,64,4,3189.81,At risk,752.56,959.38
14847.0,149,1,309.4,Hibernating,138.61,142.54
14849.0,22,25,7904.28,Loyal,1608.06,4816.98
14850.0,312,1,278.15,Hibernating,79.22,59.86
14851.0,23,2,511.35,Recent / one-off,181.7,315.44
14852.0,58,6,2836.69,At risk,745.98,1262.47
14853.0,24,2,464.85,Recent / one-off,195.52,215.42
14854.0,78,7,2730.09,At risk,690.19,1881.08
14855.0,119,2,645.65,Hibernating,303.79,252.83
14856.0,36,3,1290.53,Loyal,473.16,459.32
14857.0,60,2,1165.65,Hibernating,396.45,518.54
14859.0,13,4,1352.04,Loyal,454.01,736.3
14860.0,19,1,168.62,Recent / one-off,340.73,180.71
14861.0,52,1,125.79,Hibernating,248.16,269.57
14862.0,26,2,841.2,Recent / one-off,355.54,380.14
14863.0,29,1,266.76,Recent / one-off,306.12,130.23
14865.0,7,2,52.2,Recent / one-off,82.42,15.9
14866.0,11,11,14160.95,Champions,2943.58,5807.9
14867.0,186,3,701.33,At risk,174.59,318.33
14868.0,3,8,2939.64,Champions,850.82,834.27
14869.0,9,2,717.7,Recent / one-off,354.46,333.26
14870.0,262,1,327.25,Hibernating,91.21,231.28
14871.0,3,4,501.28,Loyal,163.24,112.49
14873.0,210,1,519.68,Hibernating,107.86,102.53
14875.0,108,2,1457.67,Hibernating,366.29,536.76
14878.0,13,9,1476.09,Champions,330.32,556.09
14880.0,77,3,690.59,At risk,233.05,460.48
14881.0,20,1,255.4,Recent / one-off,340.73,446.68
14882.0,27,2,589.7,Recent / one-off,605.15,232.54
14883.0,19,6,756.64,Loyal,273.82,356.37
14885.0,132,1,765.32,Hibernating,150.36,395.76
14886.0,253,1,364.8,Hibernating,93.76,240.19
14887.0,79,1,1862.0,Hibernating,203.03,2328.36
14888.0,207,1,369.2,Hibernating,109.03,148.86
14889.0,336,1,135.9,Hibernating,74.34,46.14
14890.0,254,1,125.65,Hibernating,93.47,92.74
14891.0,148,2,554.38,Hibernating,169.39,234.15
14893.0,10,2,1237.85,Recent / one-off,855.3,621.56
14894.0,85,1,655.75,Hibernating,195.14,815.77
14895.0,8,20,11020.26,Champions,2267.3,5654.45
14896.0,205,2,468.77,Hibernating,119.22,292.1
14897.0,8,4,1366.38,Loyal,379.28,960.75
14898.0,23,6,1194.11,Loyal,318.64,328.12
14901.0,11,9,1414.99,Champions,332.43,586.36
14902.0,26,1,314.11,Recent / one-off,319.08,418.81
14903.0,21,5,2729.18,Loyal,662.35,819.92
14904.0,2,2,1025.44,Recent / one-off,894.31,306.44
14905.0,158,2,599.9,Hibernating,191.93,188.84
14907.0,3,7,3478.85,Champions,657.26,1678.15
14908.0,74,1,277.8,Hibernating,210.1,243.89
14910.0,3,4,389.86,Loyal,447.46,343.42
14911.0,1,195,128774.24,Champions,26447.56,45426.81
14912.0,17,2,867.85,Recent / one-off,207.3,351.75
14913.0,36,4,1227.43,Loyal,271.37,481.6
14915.0,91,2,258.83,Hibernating,128.0,141.05
14916.0,71,4,1264.84,At risk,304.79,395.42
14918.0,116,2,1610.15,Hibernating,453.91,737.87
14920.0,213,2,977.77,Hibernating,107.09,228.53
14921.0,30,2,1316.07,Recent / one-off,249.91,460.83
14923.0,51,1,749.1,Recent / one-off,252.31,417.12
14924.0,246,1,310.05,Hibernating,95.85,123.76
14929.0,32,1,223.88,Recent / one-off,297.07,161.14
14930.0,109,3,2362.96,At risk,389.84,1194.81
14931.0,5,4,864.68,Loyal,292.45,337.6
14932.0,366,1,313.53,Hibernating,69.38,76.59
14934.0,82,2,1888.84,Hibernating,336.62,1389.06
14935.0,297,1,1784.71,Hibernating,82.25,123.93
14936.0,34,8,8117.42,Loyal,1740.84,4376.99
14937.0,57,3,1617.63,At risk,515.44,755.64
14944.0,30,12,5845.35,Loyal,1332.12,4035.38
14946.0,14,1,100.9,Recent / one-off,361.14,176.68
14947.0,72,2,290.82,Hibernating,220.67,143.78
14948.0,23,6,1066.57,Loyal,371.62,635.46
14950.0,19,1,361.25,Recent / one-off,340.73,513.47
14951.0,79,1,311.69,Hibernating,203.03,439.47
14952.0,60,11,7912.79,At risk,1574.05,3797.32
14953.0,25,1,285.67,Recent / one-off,319.08,266.51
14954.0,12,1,294.85,Recent / one-off,370.0,444.53
14957.0,253,1,58.49,Hibernating,93.47,31.56
14958.0,147,3,483.73,At risk,193.52,207.44
14959.0,64,4,684.97,At risk,220.96,248.25
14960.0,8,2,221.27,Recent / one-off,189.78,108.7
14961.0,11,9,7008.38,Champions,1284.58,4116.34
14962.0,271,1,126.7,Hibernating,88.79,99.68
14963.0,10,5,1472.34,Champions,552.94,593.29
14964.0,247,1,206.21,Hibernating,95.25,122.46
14965.0,96,2,596.09,Hibernating,182.17,483.51
14966.0,15,1,183.02,Recent / one-off,361.14,256.0
14967.0,50,1,463.8,Recent / one-off,254.44,475.81
14968.0,30,1,147.59,Recent / one-off,303.04,95.28
14970.0,68,4,1592.06,At risk,373.56,659.49
14971.0,35,3,1097.98,Loyal,655.6,579.17
14972.0,128,1,114.77,Hibernating,152.65,206.46
14973.0,107,3,1314.45,At risk,310.48,443.33
14974.0,37,1,89.94,Recent / one-off,283.12,63.53
14975.0,57,1,279.94,Hibernating,238.34,244.77
14976.0,57,6,749.86,At risk,226.26,265.6
14978.0,72,5,1921.37,At risk,444.15,705.81
14981.0,246,1,102.12,Hibernating,95.55,51.26
14984.0,19,2,202.37,Recent / one-off,172.61,71.31
14985.0,198,2,292.01,Hibernating,113.96,94.29
14987.0,16,2,326.4,Recent / one-off,110.49,251.64
14988.0,212,1,334.54,Hibernating,107.47,152.53
14995.0,39,2,231.98,Recent / one-off,126.03,215.92
14997.0,46,3,540.98,Loyal,278.12,263.71
14998.0,170,2,414.87,Hibernating,171.8,204.27
15000.0,48,1,490.52,Recent / one-off,258.81,373.18
15002.0,116,4,1641.76,At risk,282.57,526.4
15004.0,147,1,1220.38,Hibernating,139.25,535.71
15005.0,16,28,6158.84,Champions,1329.26,2512.43
15006.0,51,1,475.43,Recent / one-off,250.22,498.42
15007.0,159,1,156.91,Hibernating,131.93,103.42
15009.0,12,3,1259.43,Loyal,974.52,628.36
15010.0,36,1,308.94,Recent / one-off,288.54,377.72
15012.0,54,2,405.04,Hibernating,117.93,219.18
15014.0,43,2,257.67,Recent / one-off,188.14,134.46
15016.0,173,1,170.04,Hibernating,124.83,146.92
15017.0,34,1,125.58,Recent / one-off,294.17,170.2
15018.0,39,3,456.26,Loyal,150.0,164.04
15019.0,267,1,252.81,Hibernating,89.85,130.5
15021.0,9,9,1829.23,Champions,422.9,690.33
15022.0,12,4,852.39,Loyal,696.28,785.98
15023.0,3,11,6661.91,Champions,1350.15,2475.97
15024.0,10,10,1636.43,Champions,318.72,779.72
15025.0,33,1,361.96,Recent / one-off,294.17,224.89
15026.0,80,3,464.2,At risk,191.39,328.96
15027.0,31,4,1051.95,Loyal,322.29,334.47
15028.0,8,4,627.13,Loyal,167.77,263.81
15030.0,72,2,518.28,Hibernating,189.25,235.36
15031.0,4,4,653.19,Loyal,228.81,273.82
15032.0,256,3,4464.1,At risk,385.73,835.35
15033.0,5,10,2526.23,Champions,536.39,1109.33
15034.0,16,8,4243.21,Champions,801.21,2171.21
15035.0,90,1,252.73,Hibernating,190.21,274.36
15036.0,72,3,429.56,At risk,273.91,187.73
15038.0,69,5,645.84,At risk,190.97,160.41
15039.0,10,47,19638.59,Champions,4028.57,12853.37
15041.0,170,1,179.93,Hibernating,125.87,173.44
15042.0,199,1,135.93,Hibernating,112.28,121.2
15043.0,31,1,537.0,Recent / one-off,300.03,197.52
15044.0,19,17,7565.33,Loyal,1497.53,4909.67
15045.0,152,2,633.66,Hibernating,191.12,254.1
15046.0,9,15,4921.71,Champions,1068.25,2583.98
15047.0,270,1,343.62,Hibernating,89.05,259.57
15048.0,65,4,377.52,At risk,140.64,90.63
15049.0,274,1,121.17,Hibernating,88.01,101.53
15050.0,25,3,1682.77,Loyal,506.8,372.85
15051.0,23,3,1383.36,Loyal,546.46,684.74
15052.0,319,1,207.73,Hibernating,77.59,75.68
15053.0,5,3,693.95,Loyal,216.51,301.5
15054.0,12,2,302.1,Recent / one-off,417.4,265.91
15057.0,275,2,1489.5,Hibernating,164.68,578.0
15058.0,25,11,2102.54,Loyal,519.62,921.23
15059.0,41,9,1325.82,Loyal,345.82,539.62
15060.0,8,4,293.0,Loyal,465.34,462.51
15061.0,4,48,54211.94,Champions,9244.97,22685.86
15062.0,71,4,987.86,At risk,242.22,301.58
15063.0,213,1,370.8,Hibernating,106.71,183.71
15065.0,38,4,3135.98,Loyal,664.4,1387.07
15066.0,53,1,760.59,Hibernating,246.13,527.43
15067.0,78,3,1744.76,At risk,300.2,1234.24
15068.0,46,2,553.36,Recent / one-off,183.67,432.22
15069.0,179,1,1109.53,Hibernating,121.31,371.87
15070.0,373,1,106.2,Hibernating,68.28,42.86
15071.0,94,2,982.07,Hibernating,191.75,473.62
15073.0,10,2,612.43,Recent / one-off,194.27,293.81
15074.0,105,1,735.67,Hibernating,172.77,699.96
15075.0,78,1,773.03,Hibernating,205.8,832.96
15076.0,173,1,880.85,Hibernating,124.83,480.59
15078.0,7,32,9623.35,Champions,1969.52,4681.03
15079.0,213,4,893.66,At risk,228.23,312.07
15081.0,22,5,487.35,Loyal,162.22,202.87
15083.0,257,1,88.2,Hibernating,92.61,49.28
15087.0,282,1,306.94,Hibernating,86.01,115.38
15088.0,21,2,1140.27,Recent / one-off,428.0,442.53
15089.0,10,6,2420.84,Champions,723.25,942.43
15090.0,308,1,381.32,Hibernating,79.85,85.4
15091.0,68,1,476.96,Hibernating,220.88,260.64
15092.0,215,2,457.81,Hibernating,129.85,159.1
15093.0,18,6,4410.14,Champions,866.39,1905.47
15095.0,104,4,1364.7,At risk,317.47,537.54
15096.0,43,1,219.39,Recent / one-off,270.42,140.33
15097.0,4,1,248.08,Recent / one-off,410.3,122.59
15098.0,182,1,649.5,Hibernating,119.87,70.72
15099.0,84,1,410.48,Hibernating,196.41,249.89
15100.0,334,3,635.1,At risk,161.21,67.23
15101.0,9,2,310.75,Recent / one-off,121.56,195.64
15103.0,31,2,703.36,Recent / one-off,434.08,383.85
15104.0,197,2,968.64,Hibernating,232.68,414.05
15105.0,18,7,2298.93,Champions,933.93,982.29
15106.0,18,5,1407.73,Champions,366.54,401.27
15107.0,311,6,260.0,At risk,126.41,22.57
15108.0,142,3,1150.75,At risk,401.68,351.25
15109.0,246,1,463.75,Hibernating,95.85,126.87
15110.0,24,4,973.2,Loyal,275.11,632.57
15111.0,29,3,1567.48,Loyal,322.71,841.64
15113.0,10,3,3339.12,Loyal,1212.43,727.06
15114.0,30,10,2760.56,Loyal,703.78,1320.33
15115.0,18,1,340.11,Recent / one-off,344.62,372.08
15116.0,18,4,1352.75,Loyal,408.66,682.64
15117.0,15,5,1550.13,Champions,509.2,732.23
15118.0,134,1,244.8,Hibernating,148.14,55.08
15119.0,246,1,266.4,Hibernating,95.85,94.5
15120.0,134,1,343.82,Hibernating,148.88,164.4
15121.0,50,2,457.72,Recent / one-off,134.15,254.48
15122.0,114,3,1612.13,At risk,377.06,798.3
15123.0,7,2,2199.31,Recent / one-off,449.37,571.67
15124.0,23,2,184.19,Recent / one-off,163.31,38.22
15125.0,25,14,11125.65,Loyal,2016.07,5086.62
15127.0,66,1,406.53,Hibernating,224.16,196.53
15128.0,60,4,1423.25,At risk,415.95,602.94
15129.0,50,11,3447.4,Loyal,868.06,2203.47
15130.0,170,1,330.11,Hibernating,126.4,161.72
15132.0,18,5,977.93,Champions,288.13,399.4
15133.0,128,3,982.42,At risk,244.42,436.25
15134.0,15,8,1387.99,Champions,489.5,720.12
15135.0,239,1,127.15,Hibernating,97.72,69.98
15136.0,3,4,1282.95,Loyal,574.43,682.57
15139.0,240,2,178.96,Hibernating,97.83,77.39
15140.0,52,7,2350.0,At risk,611.33,1367.46
15142.0,46,1,498.74,Recent / one-off,261.05,227.56
15143.0,226,1,259.45,Hibernating,102.36,125.81
15144.0,8,17,6530.04,Champions,1541.96,3436.57
15145.0,4,4,1194.73,Loyal,325.24,400.66
15146.0,165,2,1313.66,Hibernating,204.89,656.91
15147.0,240,1,608.65,Hibernating,97.4,150.53
15148.0,11,1,301.29,Recent / one-off,379.32,391.38
15149.0,134,1,520.8,Hibernating,148.88,194.16
15150.0,17,10,5280.83,Champions,1365.06,1640.06
15152.0,10,13,4684.24,Champions,1531.77,2853.31
15153.0,31,1,329.25,Recent / one-off,300.03,290.72
15154.0,75,1,224.73,Hibernating,208.65,302.6
15156.0,1,3,961.49,Loyal,879.26,694.39
15157.0,4,3,1879.84,Loyal,245.65,594.38
15158.0,45,1,401.4,Recent / one-off,263.33,213.62
15159.0,2,30,18573.68,Champions,3572.36,21311.78
15160.0,357,1,158.16,Hibernating,70.68,73.87
15163.0,18,2,304.47,Recent / one-off,179.48,151.31
15164.0,69,3,824.58,At risk,223.08,569.19
15165.0,373,1,487.75,Hibernating,68.12,80.29
15167.0,321,1,158.8,Hibernating,77.39,97.61
15168.0,26,1,106.56,Recent / one-off,319.08,107.92
15171.0,331,1,1034.5,Hibernating,75.27,97.93
15172.0,9,5,1624.05,Champions,484.94,733.83
15174.0,323,1,135.75,Hibernating,77.0,50.09
15175.0,72,1,224.14,Hibernating,214.59,152.23
15178.0,260,1,40.5,Hibernating,91.49,28.07
15179.0,18,5,2186.2,Champions,301.7,1021.33
15180.0,367,1,87.5,Hibernating,69.06,27.33
15181.0,66,3,684.53,At risk,204.26,249.03
15182.0,154,2,622.85,Hibernating,162.97,254.64
15184.0,29,2,402.2,Recent / one-off,186.15,206.43
15185.0,70,1,310.62,Hibernating,216.13,206.81
15186.0,14,2,411.41,Recent / one-off,208.41,305.45
15187.0,2,15,4655.08,Champions,1476.93,2381.59
15189.0,1,41,15803.66,Champions,3572.32,5754.81
15192.0,120,3,1044.32,At risk,223.61,280.56
15193.0,61,1,499.32,Hibernating,232.82,454.51
15194.0,3,15,7535.17,Champions,1552.42,3302.17
15195.0,3,1,3861.0,Recent / one-off,421.78,355.54
15197.0,11,3,656.44,Loyal,186.78,251.34
15198.0,92,2,193.64,Hibernating,216.85,77.6
15199.0,59,4,1268.7,At risk,305.58,307.86
15201.0,87,5,927.84,At risk,310.0,417.49
15203.0,26,6,1827.8,Loyal,470.23,547.24
15204.0,357,1,316.58,Hibernating,70.68,79.17
15205.0,85,2,653.24,Hibernating,249.83,509.7
15206.0,10,4,420.3,Loyal,208.99,200.31
15208.0,1,5,867.62,Champions,254.1,504.53
15210.0,225,1,331.18,Hibernating,102.36,144.49
15211.0,60,2,894.41,Hibernating,173.31,557.63
15212.0,241,1,88.95,Hibernating,97.09,46.95
15213.0,319,2,325.05,Hibernating,91.35,84.74
15214.0,2,8,1661.44,Champions,449.36,1217.1
15215.0,47,3,615.99,Loyal,391.23,312.92
15216.0,88,1,96.6,Hibernating,192.64,72.21
15218.0,11,11,5756.89,Champions,1278.46,2883.48
15219.0,176,1,305.75,Hibernating,122.8,153.58
15220.0,52,6,1758.92,At risk,469.04,824.95
15221.0,366,1,114.1,Hibernating,69.22,61.75
15222.0,319,1,585.0,Hibernating,77.79,70.8
15223.0,226,1,454.9,Hibernating,102.36,172.9
15224.0,358,2,310.48,Hibernating,138.02,82.4
15225.0,234,1,409.4,Hibernating,99.33,95.09
15226.0,311,1,154.41,Hibernating,79.43,89.0
15227.0,37,5,1219.4,Loyal,295.31,447.74
15228.0,66,4,3376.96,At risk,679.3,2010.18
15230.0,239,2,429.6,Hibernating,128.83,133.9
15232.0,113,2,612.06,Hibernating,281.01,214.68
15234.0,277,1,197.0,Hibernating,87.25,247.35
15235.0,218,12,2247.51,At risk,522.66,189.44
15236.0,299,1,321.05,Hibernating,82.03,96.19
15237.0,2,4,1412.32,Loyal,263.01,469.4
15238.0,29,3,1056.54,Loyal,397.13,483.25
15239.0,10,2,764.34,Recent / one-off,408.25,583.41
15240.0,45,5,1685.57,Loyal,415.51,639.19
15241.0,67,8,1738.59,At risk,450.49,711.61
15243.0,74,1,316.68,Hibernating,210.1,302.15
15244.0,65,2,631.57,Hibernating,193.3,321.57
15245.0,134,3,2515.84,At risk,427.46,898.12
15246.0,238,2,514.15,Hibernating,142.55,231.07
15247.0,122,1,356.0,Hibernating,157.43,209.26
15249.0,32,13,6657.36,Loyal,1665.57,2445.93
15251.0,9,11,10327.96,Champions,2257.3,3455.57
15252.0,36,2,740.78,Recent / one-off,276.17,432.18
15253.0,16,5,915.3,Champions,411.6,599.8
15254.0,127,1,300.36,Hibernating,153.42,374.73
15255.0,67,1,890.85,Hibernating,222.51,294.94
15256.0,149,1,98.45,Hibernating,138.61,46.73
15257.0,283,1,152.15,Hibernating,85.52,59.31
15258.0,169,2,623.16,Hibernating,207.07,227.32
15260.0,100,7,1780.77,At risk,355.1,483.8
15261.0,135,1,254.82,Hibernating,147.42,242.23
15262.0,324,1,178.95,Hibernating,76.8,84.44
15263.0,107,1,156.51,Hibernating,171.78,103.57
15264.0,64,1,393.74,Hibernating,225.84,216.6
15265.0,151,2,1506.12,Hibernating,320.06,529.46
15266.0,338,1,119.3,Hibernating,73.97,58.89
15267.0,22,5,1717.36,Loyal,385.74,471.19
15269.0,24,1,408.8,Recent / one-off,325.99,64.68
15270.0,16,7,2292.49,Champions,475.72,826.67
15271.0,7,15,2472.09,Champions,577.04,1283.76
15272.0,57,2,721.94,Hibernating,439.78,507.7
15274.0,4,2,716.57,Recent / one-off,700.67,573.42
15275.0,38,1,609.19,Recent / one-off,283.12,279.16
15276.0,66,1,128.63,Hibernating,222.51,175.11
15277.0,47,1,255.9,Recent / one-off,261.05,138.2
15279.0,355,1,277.41,Hibernating,71.18,131.65
15280.0,172,1,113.12,Hibernating,124.83,112.82
15281.0,59,9,2239.95,At risk,427.22,504.59
15286.0,50,1,240.55,Recent / one-off,254.44,130.42
15287.0,22,2,485.24,Recent / one-off,334.38,429.81
15288.0,43,5,2306.52,Loyal,511.4,954.43
15289.0,29,3,935.1,Loyal,261.14,453.12
15290.0,5,17,7803.77,Champions,1675.13,2606.35
15291.0,26,14,4553.11,Loyal,948.35,2056.09
15292.0,201,1,178.39,Hibernating,111.45,144.68
15296.0,51,5,3610.31,Loyal,620.43,2621.9
15297.0,10,3,635.04,Loyal,531.31,373.55
15298.0,2,12,3774.1,Champions,979.79,2275.33
15299.0,67,6,3901.0,At risk,470.8,1829.83
15300.0,64,1,496.44,Hibernating,225.84,271.9
15301.0,51,12,5007.72,Loyal,966.21,2440.59
15303.0,290,1,574.02,Hibernating,83.85,77.08
15304.0,61,8,680.3,At risk,201.76,199.89
15306.0,64,3,1174.35,At risk,484.81,780.69
15307.0,96,1,205.3,Hibernating,183.27,143.86
15308.0,274,1,302.27,Hibernating,87.76,239.84
15311.0,1,90,59283.69,Champions,12165.38,24783.06
15312.0,75,4,921.1,At risk,216.4,305.2
15313.0,110,1,52.0,Hibernating,167.96,21.15
15314.0,199,1,327.97,Hibernating,112.28,166.22
15315.0,64,2,551.54,Hibernating,332.28,291.19
15316.0,327,1,165.0,Hibernating,76.22,124.92
15318.0,4,1,312.62,Recent / one-off,415.96,337.52
15319.0,284,1,204.5,Hibernating,85.52,82.52
15320.0,44,1,267.13,Recent / one-off,265.65,137.13
15321.0,71,3,2667.48,At risk,425.65,1465.72
15322.0,86,1,602.97,Hibernating,195.14,1050.35
15325.0,104,1,161.74,Hibernating,174.77,203.15
15326.0,334,1,311.71,Hibernating,74.89,75.61
15327.0,53,1,208.75,Hibernating,248.16,243.5
15329.0,39,3,1007.5,Loyal,398.8,486.24
15330.0,32,2,714.96,Recent / one-off,510.89,272.31
15332.0,366,4,1661.06,At risk,91.57,126.15
15333.0,208,1,1028.56,Hibernating,108.63,301.75
15334.0,157,3,347.87,At risk,232.06,209.33
15335.0,54,1,170.22,Hibernating,246.13,162.96
15339.0,66,2,557.57,Hibernating,154.84,340.71
15341.0,81,1,2020.52,Hibernating,201.67,2380.5
15342.0,130,1,391.76,Hibernating,151.88,269.29
15343.0,87,1,364.5,Hibernating,192.64,397.22
15344.0,1,3,476.58,Loyal,387.58,665.7
15345.0,46,1,367.69,Recent / one-off,263.33,257.97
15346.0,333,1,252.42,Hibernating,75.08,103.16
15347.0,366,1,201.6,Hibernating,69.22,74.82
15348.0,72,1,158.04,Hibernating,213.07,112.41
15349.0,158,2,463.91,Hibernating,170.21,229.53
15350.0,373,1,115.65,Hibernating,68.12,49.72
15351.0,12,7,1836.69,Champions,410.04,1049.39
15353.0,255,2,770.12,Hibernating,163.02,234.15
15355.0,29,2,277.05,Recent / one-off,384.05,312.27
15356.0,31,10,2718.03,Loyal,610.82,869.72
15358.0,5,22,8235.65,Champions,1664.73,3613.02
15360.0,40,1,427.93,Recent / one-off,277.9,390.47
15361.0,362,1,418.92,Hibernating,70.02,72.53
15363.0,373,1,318.05,Hibernating,68.28,97.03
15364.0,96,2,913.19,Hibernating,249.76,352.59
15365.0,26,6,1549.17,Loyal,393.44,620.64
15366.0,75,2,602.51,Hibernating,173.51,504.21
15367.0,57,4,1867.69,At risk,373.86,1172.63
15368.0,21,1,446.94,Recent / one-off,333.19,179.92
15370.0,41,7,2360.55,Loyal,570.6,916.49
15372.0,137,1,2007.4,Hibernating,145.99,556.83
15373.0,8,11,2213.11,Champions,467.02,723.27
15374.0,129,1,168.0,Hibernating,152.65,133.85
15376.0,40,3,1221.56,Loyal,290.86,508.35
15379.0,169,7,3631.89,At risk,543.14,1195.89
15380.0,9,5,1682.36,Champions,375.43,835.69
15381.0,214,2,596.85,Hibernating,177.41,161.16
15382.0,15,6,5927.86,Champions,1264.03,3500.42
15384.0,170,2,635.76,Hibernating,144.17,324.54
15385.0,40,1,316.88,Recent / one-off,275.36,337.0
15386.0,186,1,394.14,Hibernating,117.99,84.48
15388.0,270,1,140.54,Hibernating,88.79,116.13
15389.0,172,1,500.0,Hibernating,124.83,270.4
15392.0,5,4,1515.73,Loyal,323.87,890.52
15393.0,16,2,231.86,Recent / one-off,124.57,91.58
15394.0,10,4,2183.54,Loyal,404.34,824.77
15395.0,326,1,107.45,Hibernating,76.41,48.61
15396.0,113,1,288.18,Hibernating,166.1,232.63
15397.0,290,1,94.0,Hibernating,84.09,28.55
15398.0,16,2,1339.63,Recent / one-off,616.59,754.49
15399.0,1,3,815.77,Loyal,532.93,520.22
15400.0,92,5,666.7,At risk,190.04,254.06
15402.0,149,2,626.35,Hibernating,187.38,308.59
15405.0,189,1,349.1,Hibernating,116.62,137.66
15406.0,31,2,426.61,Recent / one-off,131.93,217.74
15407.0,34,4,1046.74,Loyal,300.39,337.55
15408.0,264,1,267.18,Hibernating,90.39,124.78
15410.0,84,8,3450.84,At risk,933.59,1744.51
15411.0,26,4,1336.43,Loyal,547.57,623.32
15412.0,171,1,190.53,Hibernating,125.35,133.07
15414.0,10,3,774.9,Loyal,314.4,477.6
15415.0,313,1,559.61,Hibernating,78.81,70.56
15416.0,65,4,3974.37,At risk,733.03,2447.64
15417.0,85,1,508.8,Hibernating,195.14,523.85
15419.0,25,1,135.86,Recent / one-off,322.5,138.73
15421.0,59,4,950.36,At risk,239.94,344.51
15422.0,323,2,97.7,Hibernating,76.8,28.55
15423.0,38,1,43.5,Recent / one-off,280.48,92.01
15424.0,254,2,383.34,Hibernating,93.18,221.75
15426.0,19,5,1386.58,Loyal,282.5,556.17
15427.0,33,3,1430.54,Loyal,1023.28,678.28
15428.0,15,1,93.78,Recent / one-off,356.86,61.8
15429.0,27,2,364.9,Recent / one-off,327.46,310.69
15432.0,23,1,171.19,Recent / one-off,325.99,81.14
15433.0,214,2,420.07,Hibernating,138.62,121.03
15434.0,8,5,997.48,Champions,371.26,296.51
15435.0,22,1,149.29,Recent / one-off,329.55,75.32
15436.0,12,3,1067.75,Loyal,280.57,761.84
15437.0,262,1,200.16,Hibernating,90.94,115.54
15438.0,131,1,156.58,Hibernating,150.36,130.9
15440.0,55,3,383.68,At risk,210.07,176.65
15442.0,249,1,594.0,Hibernating,94.95,387.61
15443.0,2,7,3189.74,Champions,717.15,1476.42
15444.0,9,2,1411.21,Recent / one-off,1091.81,512.95
15445.0,264,1,113.5,Hibernating,90.39,108.09
15447.0,331,1,155.17,Hibernating,75.46,73.05
15448.0,313,1,494.64,Hibernating,79.02,80.29
15449.0,26,3,971.22,Loyal,268.45,404.69
15450.0,30,1,429.84,Recent / one-off,303.04,297.14
15452.0,30,3,528.48,Loyal,183.1,281.36
15453.0,2,7,1371.77,Champions,553.37,724.16
15454.0,362,1,179.1,Hibernating,69.86,94.58
15456.0,283,3,434.59,At risk,119.39,117.6
15457.0,262,1,237.07,Hibernating,90.94,113.41
15458.0,25,1,161.64,Recent / one-off,319.08,141.6
15460.0,354,1,214.26,Hibernating,71.18,105.27
15462.0,94,3,234.6,At risk,186.03,78.93
15463.0,29,1,126.14,Recent / one-off,306.12,196.92
15464.0,338,1,1044.65,Hibernating,73.97,133.24
15465.0,20,18,6948.62,Loyal,1401.11,3778.89
15466.0,85,1,334.53,Hibernating,195.14,353.98
15467.0,9,3,511.88,Loyal,255.21,180.64
15468.0,51,2,438.46,Recent / one-off,250.22,393.92
15469.0,50,2,504.5,Recent / one-off,274.51,335.36
15471.0,2,1,454.48,Recent / one-off,421.78,394.78
15472.0,113,1,371.56,Hibernating,165.19,259.41
15473.0,14,5,1465.2,Champions,825.93,393.73
15475.0,77,1,454.11,Hibernating,205.8,554.06
15478.0,40,2,1399.92,Recent / one-off,638.73,360.98
15480.0,116,1,905.5,Hibernating,162.52,370.21
15482.0,16,8,6353.52,Champions,1267.59,3058.41
15483.0,161,4,225.26,At risk,131.67,299.19
15484.0,1,4,3559.21,Loyal,1361.64,987.81
15485.0,30,3,2564.5,Loyal,386.43,1154.8
15488.0,93,1,91.32,Hibernating,186.68,61.53
15489.0,23,3,1090.03,Loyal,350.05,647.9
15491.0,95,6,3090.85,At risk,709.34,1439.05
15492.0,28,2,659.46,Recent / one-off,339.27,657.41
15493.0,33,5,1918.86,Loyal,464.55,743.32
15494.0,21,2,1280.58,Recent / one-off,251.01,719.25
15497.0,18,2,1259.7,Recent / one-off,149.49,645.89
15498.0,3,27,13252.55,Champions,2613.62,5895.24
15500.0,8,4,1131.56,Loyal,659.84,681.06
15502.0,16,9,5549.96,Champions,1127.78,3321.32
15503.0,363,1,141.04,Hibernating,69.86,139.7
15504.0,81,1,52.83,Hibernating,200.33,36.84
15505.0,53,5,3497.14,At risk,1147.34,853.52
15506.0,23,3,972.08,Loyal,481.79,593.98
15507.0,172,1,475.86,Hibernating,125.35,303.8
15508.0,189,6,1000.27,At risk,315.9,277.64
15510.0,331,1,250.0,Hibernating,75.46,81.92
15511.0,12,5,900.53,Champions,636.89,766.29
15512.0,156,2,121.0,Hibernating,85.8,29.6
15513.0,33,19,14520.08,Loyal,2946.95,6751.59
15514.0,12,11,2907.45,Champions,597.89,1502.78
15516.0,45,3,62.43,Loyal,310.83,46.2
15517.0,233,1,267.03,Hibernating,99.65,110.39
15518.0,64,8,1897.75,At risk,431.29,655.59
15520.0,2,1,343.5,Recent / one-off,427.76,282.11
15521.0,40,6,2699.65,Loyal,708.93,1125.16
15522.0,33,2,397.99,Recent / one-off,294.65,433.37
15523.0,84,1,412.01,Hibernating,196.41,236.98
15524.0,25,1,440.0,Recent / one-off,322.5,99.81
15525.0,2,3,716.97,Loyal,166.04,281.57
15526.0,33,2,148.44,Recent / one-off,294.17,129.29
15527.0,19,8,2411.68,Loyal,546.71,992.43
15528.0,254,1,229.33,Hibernating,93.18,124.01
15529.0,23,11,3932.6,Loyal,831.36,2732.24
15530.0,22,4,1497.31,Loyal,374.65,672.48
15531.0,8,2,1972.39,Recent / one-off,730.22,517.2
15532.0,25,4,1492.98,Loyal,323.47,609.48
15533.0,19,3,754.12,Loyal,416.09,645.73
15535.0,173,4,426.4,At risk,144.1,199.25
15537.0,163,1,110.92,Hibernating,129.66,82.53
15539.0,7,1,538.46,Recent / one-off,394.2,462.58
15540.0,11,1,213.3,Recent / one-off,374.6,194.86
15541.0,114,1,85.13,Hibernating,164.29,57.47
15543.0,288,1,127.86,Hibernating,84.32,57.02
15544.0,9,9,3542.51,Champions,725.61,1714.96
15545.0,54,2,288.97,Hibernating,107.28,124.27
15547.0,7,14,4910.6,Champions,945.14,2679.62
15549.0,77,3,1640.21,At risk,255.91,708.56
15550.0,4,4,575.63,Loyal,202.33,99.89
15551.0,37,1,436.06,Recent / one-off,285.8,250.39
15552.0,217,1,90.12,Hibernating,105.22,49.02
15553.0,60,1,428.93,Hibernating,232.82,396.2
15554.0,278,1,217.2,Hibernating,87.0,288.78
15555.0,12,16,4746.15,Champions,1021.01,2725.29
15556.0,24,1,279.77,Recent / one-off,322.5,214.96
15557.0,29,1,468.91,Recent / one-off,309.26,407.74
15561.0,12,4,722.74,Loyal,262.6,284.95
15562.0,352,1,134.55,Hibernating,71.69,40.9
15563.0,22,3,1310.69,Loyal,287.29,477.39
15565.0,50,2,173.16,Recent / one-off,299.89,38.85
15567.0,19,1,186.01,Recent / one-off,344.62,263.97
15568.0,3,3,758.29,Loyal,566.58,444.41
15569.0,104,5,1375.71,At risk,323.44,332.32
15570.0,7,12,4094.27,Champions,818.74,2890.15
15571.0,12,4,650.43,Loyal,514.24,626.3
15572.0,5,7,2533.42,Champions,626.27,711.79
15573.0,32,2,583.24,Recent / one-off,318.88,393.91
15574.0,178,4,675.64,At risk,144.86,195.33
15576.0,38,1,921.37,Recent / one-off,283.12,210.49
15577.0,151,3,258.88,At risk,142.02,116.4
15578.0,162,1,127.1,Hibernating,130.22,86.92
15579.0,69,2,327.6,Hibernating,119.17,183.12
15581.0,156,10,717.43,At risk,180.86,109.96
15582.0,25,3,682.91,Loyal,235.94,282.14
15584.0,24,4,712.36,Loyal,372.3,443.69
15585.0,177,1,455.3,Hibernating,122.8,266.01
15587.0,50,4,913.68,Loyal,204.62,412.48
15589.0,256,3,456.58,At risk,148.91,194.4
15592.0,47,1,388.58,Recent / one-off,261.05,248.6
15593.0,71,1,199.8,Hibernating,216.13,131.66
15594.0,16,5,1767.53,Champions,552.09,1170.05
15596.0,101,5,1339.44,At risk,273.72,368.8
15597.0,35,1,315.72,Recent / one-off,288.54,331.09
15598.0,53,1,235.68,Hibernating,246.13,195.21
15599.0,27,2,761.74,Recent / one-off,218.46,518.74
15601.0,11,14,6745.36,Champions,1297.12,2332.48
15602.0,8,8,1102.37,Champions,304.56,637.07
15603.0,79,1,48.48,Hibernating,204.4,110.15
15604.0,52,1,216.39,Hibernating,248.16,213.14
15605.0,36,5,1198.23,Loyal,281.62,500.91
15606.0,61,9,2422.64,At risk,605.97,1342.92
15607.0,337,1,104.76,Hibernating,74.34,56.78
15608.0,28,4,1093.68,Loyal,547.0,728.83
15609.0,184,1,270.03,Hibernating,118.92,127.21
15610.0,52,1,112.46,Hibernating,250.22,177.66
15611.0,10,11,1547.39,Champions,415.54,613.57
15612.0,36,2,195.15,Recent / one-off,345.3,86.54
15615.0,10,23,10360.04,Champions,2032.78,5021.94
15618.0,33,4,747.03,Loyal,390.54,297.41
15619.0,11,1,336.4,Recent / one-off,379.32,313.17
15620.0,57,3,1523.08,At risk,298.49,853.26
15621.0,4,4,1168.01,Loyal,960.39,1096.44
15622.0,43,9,3224.53,Loyal,768.46,2419.01
15623.0,141,1,301.03,Hibernating,143.22,292.74
15624.0,117,4,588.13,At risk,221.61,186.33
15625.0,104,4,1504.56,At risk,349.32,623.83
15626.0,75,2,675.8,Hibernating,165.87,292.57
15628.0,5,9,2865.64,Champions,605.86,830.86
15630.0,45,2,1180.4,Recent / one-off,355.08,583.84
15632.0,16,8,3148.31,Champions,817.92,1259.36
15634.0,17,1,243.55,Recent / one-off,348.61,170.76
15636.0,90,2,724.76,Hibernating,193.43,429.35
15637.0,53,1,223.36,Hibernating,248.16,197.44
15639.0,134,1,425.32,Hibernating,148.14,215.24
15640.0,4,15,12341.54,Champions,2524.02,5772.68
15641.0,105,4,1887.2,At risk,400.04,738.11
15643.0,192,3,647.4,At risk,169.4,365.85
15644.0,166,4,803.54,At risk,252.97,403.11
15645.0,19,1,611.59,Recent / one-off,344.62,645.1
15646.0,158,3,425.14,At risk,127.82,115.26
15648.0,204,2,584.75,Hibernating,183.98,199.06
15649.0,336,2,816.0,Hibernating,135.63,58.68
15651.0,37,3,646.3,Loyal,206.57,349.6
15652.0,91,1,337.74,Hibernating,187.84,240.98
15653.0,93,2,877.44,Hibernating,543.38,130.07
15654.0,9,2,922.53,Recent / one-off,637.79,401.61
15655.0,243,1,511.32,Hibernating,96.47,154.15
15656.0,45,4,748.5,Loyal,228.28,337.77
15657.0,23,1,30.0,Recent / one-off,329.55,186.67
15658.0,190,4,958.9,At risk,215.29,316.85
15659.0,44,1,306.45,Recent / one-off,268.01,201.84
15660.0,25,9,1552.51,Loyal,357.42,532.09
15661.0,317,2,309.8,Hibernating,123.7,71.05
15663.0,106,1,138.14,Hibernating,171.78,91.21
15664.0,51,1,358.63,Recent / one-off,252.31,332.04
15665.0,168,2,2222.21,Hibernating,304.82,446.76
15667.0,40,1,301.32,Recent / one-off,277.9,173.91
15668.0,218,1,76.32,Hibernating,105.22,18.17
15669.0,40,4,677.69,Loyal,235.92,297.65
15670.0,297,1,173.05,Hibernating,82.48,105.13
15671.0,19,7,2635.49,Loyal,701.28,1414.73
15673.0,88,4,2726.23,At risk,489.27,1706.86
15674.0,73,3,1744.02,At risk,480.61,706.83
15675.0,81,3,323.69,At risk,171.7,129.89
15676.0,19,3,3324.09,Loyal,677.32,2207.12
15677.0,49,1,657.23,Recent / one-off,254.44,408.86
15678.0,53,1,352.7,Hibernating,248.16,337.16
15679.0,24,4,781.28,Loyal,353.65,625.45
15680.0,9,3,1333.68,Loyal,246.85,551.16
15681.0,28,4,946.36,Loyal,247.65,341.91
15683.0,117,1,193.75,Hibernating,161.65,130.79
15687.0,9,9,2981.5,Champions,675.67,1409.24
15689.0,120,2,254.1,Hibernating,109.22,97.54
15690.0,4,2,239.76,Recent / one-off,267.34,226.83
15691.0,252,1,136.8,Hibernating,93.76,104.18
15692.0,28,1,191.04,Recent / one-off,309.26,82.27
15694.0,1,13,6408.6,Champions,1320.25,1438.5
15695.0,267,2,409.98,Hibernating,89.85,124.5
15696.0,33,8,2619.11,Loyal,571.08,1234.61
15699.0,18,1,309.65,Recent / one-off,348.61,671.59
15700.0,172,2,664.03,Hibernating,146.48,652.64
15701.0,2,4,1529.0,Loyal,529.46,680.28
15703.0,265,1,211.5,Hibernating,90.39,133.17
15704.0,140,4,2293.62,At risk,522.78,691.28
15705.0,201,1,143.1,Hibernating,111.45,134.03
15706.0,64,4,1001.81,At risk,457.47,527.12
15707.0,35,4,916.98,Loyal,656.32,923.99
15708.0,41,7,3200.73,Loyal,664.81,1279.17
15709.0,284,1,133.25,Hibernating,85.52,43.57
15712.0,9,5,1072.36,Champions,294.01,359.01
15713.0,143,2,346.75,Hibernating,114.26,185.57
15714.0,12,2,330.03,Recent / one-off,346.14,296.58
15716.0,146,4,1101.11,At risk,196.78,441.26
15717.0,234,1,150.3,Hibernating,99.33,96.16
15719.0,33,13,5026.77,Loyal,1104.13,2901.35
15720.0,24,1,598.73,Recent / one-off,322.5,342.04
15721.0,12,1,471.4,Recent / one-off,374.6,560.93
15722.0,36,5,2169.86,Loyal,549.32,829.68
15723.0,365,1,190.7,Hibernating,69.54,94.48
15724.0,201,2,212.3,Hibernating,125.03,112.54
15725.0,15,1,415.25,Recent / one-off,356.86,179.9
15727.0,17,7,5159.06,Champions,833.13,2186.08
15729.0,213,1,62.0,Hibernating,107.09,37.46
15730.0,66,3,1108.38,At risk,329.98,626.78
15732.0,212,2,294.12,Hibernating,107.46,129.62
15733.0,283,1,162.3,Hibernating,85.76,119.17
15734.0,115,2,1339.45,Hibernating,352.01,474.73
15737.0,15,6,1121.21,Champions,306.28,640.73
15738.0,19,16,4788.77,Loyal,992.72,1731.54
15739.0,66,1,449.12,Hibernating,222.51,341.06
15740.0,49,1,154.88,Recent / one-off,254.44,117.62
15743.0,16,4,775.96,Loyal,300.96,455.66
15744.0,78,1,34.8,Hibernating,205.8,296.66
15745.0,19,4,1071.24,Loyal,336.88,863.97
15746.0,134,1,182.96,Hibernating,148.14,132.43
15747.0,13,3,946.64,Loyal,393.69,432.16
15748.0,40,1,144.36,Recent / one-off,275.36,172.61
15749.0,235,2,21535.9,Hibernating,4293.07,3733.37
15750.0,3,8,2448.8,Champions,515.27,1358.18
15752.0,40,7,2618.15,Loyal,554.9,1381.51
15753.0,305,1,79.2,Hibernating,80.71,18.66
15754.0,51,3,455.67,Loyal,212.46,228.89
15755.0,10,6,2318.88,Champions,584.79,1096.79
15756.0,61,4,528.01,At risk,226.53,175.02
15757.0,66,2,714.42,Hibernating,246.9,414.52
15758.0,25,1,205.25,Recent / one-off,322.5,201.43
15759.0,218,3,253.04,At risk,116.67,49.24
15762.0,65,2,583.75,Hibernating,384.09,336.96
15763.0,32,2,1048.67,Recent / one-off,542.52,615.93
15764.0,88,6,3245.47,At risk,629.66,1341.04
15766.0,64,1,315.06,Hibernating,225.84,293.04
15768.0,116,3,621.83,At risk,200.63,222.25
15769.0,7,25,51823.72,Champions,10637.7,24973.76
15773.0,6,1,635.68,Recent / one-off,404.79,281.15
15774.0,69,1,270.8,Hibernating,219.27,160.16
15775.0,245,1,104.9,Hibernating,95.85,76.72
15776.0,133,1,241.62,Hibernating,148.88,238.86
15777.0,241,4,1021.61,At risk,216.54,310.31
15780.0,184,3,475.28,At risk,144.45,234.39
15781.0,25,3,333.56,Loyal,153.96,68.54
15782.0,10,3,2593.94,Loyal,730.8,892.85
15783.0,11,1,246.3,Recent / one-off,379.32,199.14
15785.0,33,5,2303.75,Loyal,425.59,1045.89
15786.0,46,3,4821.0,Loyal,935.67,1024.87
15787.0,26,3,933.26,Loyal,542.79,518.43
15789.0,358,1,351.3,Hibernating,70.51,77.7
15790.0,10,1,218.75,Recent / one-off,379.32,195.48
15791.0,44,2,1604.44,Recent / one-off,240.4,605.64
15793.0,15,3,948.96,Loyal,266.63,293.82
15795.0,150,1,610.01,Hibernating,137.97,170.6
15796.0,1,8,2704.66,Champions,664.18,1518.12
15797.0,113,3,2192.4,At risk,253.04,866.17
15799.0,76,3,884.14,At risk,207.0,357.07
15800.0,107,2,696.89,Hibernating,224.04,522.35
15801.0,46,3,1042.19,Loyal,625.51,555.78
15803.0,51,1,415.82,Recent / one-off,250.22,275.04
15804.0,1,13,3848.55,Champions,1254.78,1390.91
15805.0,23,17,5408.43,Loyal,1126.12,4455.54
15806.0,46,3,784.58,Loyal,222.73,388.71
15807.0,50,3,903.9,Loyal,384.01,510.18
15808.0,306,4,3641.07,At risk,606.69,240.55
15809.0,184,4,399.21,At risk,147.79,101.86
15810.0,79,4,1145.43,At risk,290.25,379.41
15811.0,22,6,2171.32,Loyal,464.75,584.03
15812.0,107,5,1801.14,At risk,445.17,570.4
15813.0,208,2,1303.91,Hibernating,249.67,449.04
15814.0,17,4,1842.73,Loyal,860.81,993.04
15815.0,64,5,2100.6,At risk,554.4,575.14
15819.0,49,4,1905.45,Loyal,419.57,816.4
15820.0,320,1,206.98,Hibernating,77.59,71.66
15821.0,44,2,570.96,Recent / one-off,460.24,330.17
15822.0,3,2,885.47,Recent / one-off,163.65,361.92
15825.0,172,1,532.94,Hibernating,124.83,395.89
15826.0,56,3,1649.36,At risk,386.7,574.07
15827.0,73,14,1648.54,At risk,382.68,456.82
15829.0,99,2,636.14,Hibernating,284.38,307.58
15830.0,38,1,547.7,Recent / one-off,283.12,269.24
15831.0,58,3,740.64,At risk,195.66,400.54
15832.0,254,1,836.79,Hibernating,93.18,393.53
15834.0,70,4,2073.8,At risk,333.48,1231.4
15835.0,44,4,954.09,Loyal,233.19,409.24
15836.0,50,1,117.47,Recent / one-off,252.31,190.97
15837.0,65,1,391.98,Hibernating,225.84,380.69
15838.0,11,19,33362.28,Champions,6774.38,26239.46
15839.0,33,3,1020.74,Loyal,443.8,729.69
15840.0,59,2,345.66,Hibernating,182.77,197.58
15841.0,73,4,1209.1,At risk,275.18,551.1
15843.0,304,1,118.95,Hibernating,80.93,62.36
15844.0,46,1,130.74,Recent / one-off,261.05,173.46
15845.0,18,8,3650.87,Champions,819.29,2049.28
15847.0,38,2,389.27,Recent / one-off,144.25,223.57
15850.0,19,2,234.88,Recent / one-off,187.47,233.42
15852.0,187,2,160.71,Hibernating,149.06,39.65
15853.0,52,1,110.8,Hibernating,250.22,149.09
15854.0,4,12,2969.12,Champions,654.44,802.24
15855.0,137,5,712.24,At risk,274.95,284.62
15856.0,4,27,15928.48,Champions,3072.23,5362.15
15857.0,19,1,297.0,Recent / one-off,344.62,328.56
15858.0,16,5,1427.57,Champions,293.4,376.74
15860.0,41,8,965.16,Loyal,262.99,286.53
15861.0,12,7,2981.92,Champions,692.17,876.06
15862.0,8,4,832.88,Loyal,177.22,258.56
15863.0,26,2,68.84,Recent / one-off,152.55,49.1
15864.0,22,6,1769.78,Loyal,447.37,772.36
15865.0,41,3,895.13,Loyal,300.71,373.63
15866.0,101,1,211.89,Hibernating,176.82,176.41
15867.0,5,15,3788.75,Champions,839.76,1612.55
15869.0,277,2,149.64,Hibernating,87.0,227.26
15870.0,33,1,351.44,Recent / one-off,297.07,248.19
15872.0,15,2,316.25,Recent / one-off,361.14,937.92
15874.0,64,7,4330.67,At risk,1045.34,3187.97
15877.0,2,2,437.83,Recent / one-off,587.22,518.75
15880.0,369,1,299.03,Hibernating,68.74,67.16
15881.0,312,4,438.24,At risk,139.79,71.89
15882.0,199,4,493.08,At risk,106.48,200.0
15883.0,2,2,396.48,Recent / one-off,536.99,193.36
15885.0,93,1,349.35,Hibernating,185.53,274.89
15886.0,60,1,181.09,Hibernating,232.82,113.79
15888.0,81,1,135.6,Hibernating,201.67,94.96
15889.0,157,2,400.77,Hibernating,103.92,196.68
15891.0,227,1,509.13,Hibernating,102.02,97.54
15894.0,253,2,257.6,Hibernating,99.4,86.54
15895.0,150,1,179.17,Hibernating,137.97,114.09
15897.0,194,2,208.59,Hibernating,114.41,119.26
15898.0,1,5,1379.63,Champions,284.56,412.67
15899.0,369,1,56.25,Hibernating,68.9,20.36
15900.0,24,1,337.28,Recent / one-off,325.99,219.11
15901.0,17,3,349.75,Loyal,253.96,473.66
15903.0,10,7,5126.34,Champions,1296.23,3054.32
15904.0,8,1,164.68,Recent / one-off,389.11,109.82
15906.0,20,7,1521.79,Loyal,424.48,736.4
15907.0,4,3,881.87,Loyal,326.83,392.59
15909.0,174,1,191.94,Hibernating,124.31,187.03
15910.0,1,8,1228.88,Champions,347.82,1024.64
15912.0,178,2,264.62,Hibernating,148.33,116.36
15916.0,16,8,1466.01,Champions,340.82,583.64
15917.0,248,1,123.1,Hibernating,95.25,109.14
15918.0,191,2,334.23,Hibernating,147.68,184.53
15919.0,20,2,525.69,Recent / one-off,136.33,327.39
15920.0,154,3,163.55,At risk,134.88,289.57
15921.0,173,1,323.03,Hibernating,124.83,173.01
15922.0,373,1,363.6,Hibernating,68.12,106.23
15923.0,373,1,127.08,Hibernating,68.28,44.87
15925.0,194,1,207.15,Hibernating,114.41,131.26
15930.0,67,1,426.63,Hibernating,220.88,293.11
15932.0,4,8,2461.85,Champions,636.42,686.11
15933.0,21,3,1107.46,Loyal,607.06,1313.3
15935.0,239,1,108.04,Hibernating,97.72,72.54
15937.0,64,1,145.35,Hibernating,225.84,151.81
15938.0,112,5,404.58,At risk,170.24,66.89
15939.0,90,14,6087.26,At risk,1288.97,3602.15
15940.0,311,1,35.8,Hibernating,79.22,39.9
15942.0,134,1,337.44,Hibernating,148.88,156.74
15944.0,277,1,325.1,Hibernating,87.25,428.39
15945.0,365,1,181.0,Hibernating,69.38,94.74
15947.0,83,1,1708.24,Hibernating,199.0,1052.25
15948.0,8,2,955.24,Recent / one-off,529.87,416.65
15949.0,17,2,364.72,Recent / one-off,321.93,248.28
15950.0,32,4,1684.46,Loyal,336.28,463.98
15951.0,9,2,669.57,Recent / one-off,164.45,246.5
15952.0,34,4,781.91,Loyal,286.57,471.46
15953.0,15,8,1632.43,Champions,378.63,789.77
15955.0,24,14,4389.81,Loyal,853.99,2474.52
15957.0,32,1,428.89,Recent / one-off,300.03,319.39
15958.0,74,1,104.35,Hibernating,210.1,123.78
15963.0,20,2,470.76,Recent / one-off,438.23,258.68
15965.0,17,4,808.87,Loyal,208.11,633.06
15967.0,23,2,397.68,Recent / one-off,138.58,197.9
15969.0,3,3,582.9,Loyal,234.34,279.04
15970.0,304,1,314.1,Hibernating,80.93,83.64
15971.0,18,12,4194.9,Champions,904.02,3940.06
15973.0,367,1,99.77,Hibernating,69.22,37.97
15974.0,39,7,3429.55,Loyal,758.96,1537.52
15975.0,84,1,371.01,Hibernating,196.41,336.38
15976.0,165,2,427.64,Hibernating,180.59,181.46
15977.0,17,2,1054.73,Recent / one-off,829.92,435.19
15978.0,77,1,1098.78,Hibernating,205.8,981.52
15980.0,89,3,2398.86,At risk,506.01,739.92
15981.0,25,8,3408.48,Loyal,827.09,1549.92
15983.0,22,4,1465.12,Loyal,283.33,431.53
15984.0,3,10,2759.93,Champions,623.41,1278.83
15985.0,123,2,1037.42,Hibernating,177.59,375.59
15986.0,30,1,168.12,Recent / one-off,303.04,94.86
15987.0,12,7,1432.77,Champions,350.23,297.94
15988.0,19,1,156.78,Recent / one-off,340.73,185.01
15990.0,44,2,792.11,Recent / one-off,184.71,307.89
15992.0,4,1,41.99,Recent / one-off,415.96,112.07
15993.0,9,7,2728.22,Champions,1460.95,634.42
15994.0,55,1,414.27,Hibernating,244.14,213.18
15996.0,88,6,1016.68,At risk,239.26,332.21
15998.0,37,5,3074.42,Loyal,530.06,1315.74
16000.0,3,3,12393.7,Loyal,421.78,3555.22
16003.0,30,5,2735.37,Loyal,395.21,1060.29
16005.0,12,4,578.71,Loyal,211.99,257.67
16006.0,211,1,101.4,Hibernating,107.47,47.5
16007.0,48,4,1693.81,Loyal,528.56,1070.66
16008.0,24,3,478.78,Loyal,237.78,284.6
16009.0,22,4,972.11,Loyal,362.42,481.51
16010.0,246,3,392.4,At risk,139.76,96.9
16011.0,8,16,3352.96,Champions,731.26,1210.74
16012.0,35,3,1415.29,Loyal,550.68,636.6
16013.0,4,45,33453.45,Champions,6715.8,28905.3
16014.0,38,3,637.58,Loyal,190.53,247.81
16015.0,4,3,689.41,Loyal,593.35,594.38
16016.0,3,8,1440.06,Champions,307.49,486.86
16017.0,47,1,211.88,Recent / one-off,258.81,183.96
16018.0,39,2,408.9,Recent / one-off,218.76,236.09
16019.0,47,9,3450.24,Loyal,764.23,3779.7
16020.0,17,3,851.01,Loyal,455.54,340.74
16022.0,260,1,602.63,Hibernating,91.49,122.76
16023.0,46,3,719.81,Loyal,243.56,360.15
16024.0,12,1,245.75,Recent / one-off,370.0,360.38
16025.0,30,1,439.66,Recent / one-off,306.12,293.59
16026.0,43,1,236.09,Recent / one-off,268.01,140.08
16027.0,92,6,934.62,At risk,247.98,319.37
16029.0,39,59,60369.93,Loyal,11656.68,19212.1
16030.0,310,1,331.24,Hibernating,79.64,73.99
16031.0,92,2,547.9,Hibernating,171.28,300.18
16033.0,6,20,8690.03,Champions,1835.23,3796.2
16034.0,196,3,437.7,At risk,150.57,99.64
16036.0,87,2,758.92,Hibernating,240.36,616.72
16037.0,270,3,855.02,At risk,193.57,436.12
16038.0,8,3,454.33,Loyal,184.09,132.81
16040.0,65,3,1313.55,At risk,327.41,652.97
16041.0,31,3,3166.4,Loyal,326.2,446.49
16042.0,22,5,1127.57,Loyal,337.19,473.07
16043.0,38,4,773.99,Loyal,200.17,245.64
16045.0,120,4,1340.7,At risk,264.61,532.58
16048.0,373,2,243.69,Hibernating,68.12,89.94
16049.0,40,3,1074.81,Loyal,593.39,1750.18
16050.0,174,1,137.9,Hibernating,124.31,92.18
16052.0,54,1,362.06,Hibernating,244.14,308.01
16053.0,33,2,1511.95,Recent / one-off,342.67,777.58
16054.0,145,1,783.9,Hibernating,140.55,579.07
16055.0,221,1,134.8,Hibernating,104.13,71.31
16056.0,45,1,650.75,Recent / one-off,263.33,343.56
16057.0,16,7,2140.22,Champions,470.04,660.21
16059.0,66,6,1453.16,At risk,354.13,421.41
16062.0,10,4,1153.62,Loyal,264.24,321.96
16063.0,260,1,335.32,Hibernating,91.49,249.59
16065.0,365,1,367.14,Hibernating,69.38,58.35
16066.0,17,5,1521.04,Champions,733.32,1003.15
16070.0,22,2,852.15,Recent / one-off,474.74,301.65
16071.0,45,1,326.24,Recent / one-off,265.65,278.39
16072.0,288,1,584.32,Hibernating,84.32,78.1
16073.0,297,1,94.35,Hibernating,82.25,25.58
16076.0,3,10,2173.53,Champions,735.54,725.06
16078.0,284,1,79.2,Hibernating,85.52,18.66
16079.0,17,3,1352.0,Loyal,973.72,1058.99
16080.0,82,2,176.6,Hibernating,122.35,42.19
16081.0,56,5,2799.42,At risk,608.91,2131.33
16083.0,101,2,1317.62,Hibernating,260.81,601.97
16084.0,299,1,436.18,Hibernating,81.8,58.73
16085.0,23,5,981.51,Loyal,275.18,555.82
16086.0,59,5,1119.31,At risk,273.43,445.1
16091.0,155,2,315.06,Hibernating,177.9,144.91
16092.0,115,3,779.36,At risk,233.87,346.43
16093.0,107,1,17.0,Hibernating,171.78,65.55
16094.0,12,4,1041.83,Loyal,364.45,895.86
16096.0,264,1,320.62,Hibernating,90.39,241.96
16097.0,240,1,185.05,Hibernating,97.4,107.51
16098.0,88,7,2005.63,At risk,399.15,610.8
16099.0,50,3,731.9,Loyal,241.54,287.85
16101.0,71,1,1245.96,Hibernating,216.13,325.97
16102.0,42,3,1842.14,Loyal,605.99,1096.45
16103.0,7,6,1429.64,Champions,479.59,401.86
16104.0,62,1,298.21,Hibernating,231.04,221.18
16105.0,249,1,336.96,Hibernating,94.95,252.46
16106.0,66,1,108.38,Hibernating,224.16,109.91
16107.0,18,7,3204.16,Champions,1078.4,1022.61
16108.0,85,1,816.1,Hibernating,196.41,692.95
16109.0,219,2,611.88,Hibernating,154.94,210.01
16110.0,45,3,1320.95,Loyal,296.0,713.23
16112.0,143,4,195.74,At risk,118.83,41.93
16113.0,183,1,161.38,Hibernating,119.39,177.66
16114.0,171,1,135.75,Hibernating,125.87,86.84
16115.0,10,8,1660.88,Champions,478.33,673.32
16116.0,212,1,592.88,Hibernating,107.47,113.08
16117.0,190,1,232.21,Hibernating,116.62,141.39
16119.0,8,2,423.36,Recent / one-off,312.01,321.75
16120.0,59,4,1294.14,At risk,234.63,357.53
16121.0,57,2,854.66,Hibernating,280.51,551.37
16122.0,73,4,684.42,At risk,199.49,257.93
16123.0,52,1,307.78,Hibernating,250.22,446.89
16124.0,317,1,187.15,Hibernating,77.99,96.07
16125.0,367,1,289.35,Hibernating,69.06,130.26
16126.0,29,4,6287.77,Loyal,1351.86,3163.39
16127.0,39,1,656.25,Recent / one-off,277.9,352.65
16128.0,18,5,1880.22,Champions,473.77,879.02
16131.0,52,6,3506.54,At risk,794.41,1415.57
16133.0,4,33,14310.7,Champions,3361.38,5179.13
16134.0,22,2,603.69,Recent / one-off,143.39,210.83
16135.0,263,1,517.55,Hibernating,90.94,116.42
16136.0,60,3,709.38,At risk,237.76,503.88
16139.0,19,3,635.41,Loyal,282.74,355.43
16140.0,66,2,708.18,Hibernating,183.89,557.7
16141.0,88,1,620.4,Hibernating,191.42,963.94
16142.0,250,1,535.34,Hibernating,94.65,159.6
16143.0,3,6,2419.84,Champions,497.61,462.27
16144.0,247,1,175.2,Hibernating,95.55,108.88
16145.0,9,11,3737.73,Champions,805.67,1669.2
16146.0,157,3,734.13,At risk,218.11,250.51
16147.0,134,1,375.0,Hibernating,148.88,181.74
16148.0,296,1,76.32,Hibernating,82.48,18.66
16149.0,5,2,280.52,Recent / one-off,209.82,296.38
16150.0,43,5,1906.07,Loyal,392.88,770.18
16152.0,269,1,1829.04,Hibernating,89.32,355.44
16153.0,50,5,1824.23,Loyal,416.98,675.97
16156.0,9,9,3002.24,Champions,732.85,1435.56
16157.0,16,3,644.24,Loyal,546.34,511.93
16159.0,282,1,348.2,Hibernating,86.01,118.22
16160.0,65,2,1011.13,Hibernating,341.39,794.59
16161.0,2,19,5354.83,Champions,1175.6,3299.73
16162.0,252,1,37.4,Hibernating,93.76,90.37
16163.0,365,1,441.6,Hibernating,69.38,76.72
16164.0,17,3,802.53,Loyal,759.03,486.02
16168.0,11,27,3770.6,Champions,808.98,1587.08
16169.0,8,4,1822.97,Loyal,985.6,1519.74
16170.0,51,6,1880.42,Loyal,549.51,883.6
16171.0,59,1,73.2,Hibernating,234.63,124.99
16172.0,95,5,1140.21,At risk,378.4,614.65
16173.0,16,6,1406.57,Champions,743.99,672.17
16174.0,126,3,1009.55,At risk,424.99,611.67
16175.0,94,4,1037.59,At risk,331.52,407.17
16177.0,50,1,331.95,Recent / one-off,252.31,262.11
16178.0,138,1,197.9,Hibernating,145.29,113.65
16179.0,61,1,215.83,Hibernating,232.82,144.18
16180.0,100,8,10217.48,At risk,2785.26,2157.02
16181.0,73,1,305.54,Hibernating,211.58,189.56
16182.0,72,4,6617.65,At risk,1451.44,5470.15
16183.0,67,1,338.71,Hibernating,220.88,192.51
16184.0,64,6,1155.54,At risk,449.91,349.56
16185.0,17,2,529.41,Recent / one-off,167.35,287.65
16186.0,23,12,3991.94,Loyal,827.33,1960.8
16187.0,32,15,6841.24,Loyal,1657.99,3469.73
16188.0,45,4,981.86,Loyal,347.16,460.89
16189.0,16,2,215.48,Recent / one-off,263.99,202.67
16190.0,40,1,215.08,Recent / one-off,275.36,162.41
16191.0,3,12,4928.07,Champions,982.06,2210.5
16193.0,237,1,314.45,Hibernating,98.68,232.48
16198.0,75,1,400.68,Hibernating,208.65,359.91
16200.0,4,2,1068.87,Recent / one-off,324.86,445.22
16201.0,3,4,1821.52,Loyal,931.48,877.57
16202.0,361,1,365.27,Hibernating,70.18,88.16
16203.0,59,4,589.15,At risk,166.82,143.86
16204.0,23,1,384.18,Recent / one-off,325.99,197.01
16205.0,31,4,751.03,Loyal,372.28,554.33
16206.0,55,4,537.06,At risk,175.85,129.0
16207.0,25,1,394.38,Recent / one-off,319.08,183.57
16208.0,45,2,664.26,Recent / one-off,134.68,461.0
16209.0,89,5,2262.62,At risk,654.22,718.07
16210.0,2,17,21076.3,Champions,3846.81,23595.83
16211.0,89,1,542.77,Hibernating,191.42,564.1
16212.0,19,2,681.19,Recent / one-off,142.64,436.89
16213.0,79,1,159.0,Hibernating,204.4,169.2
16214.0,171,3,1062.75,At risk,236.0,417.08
16215.0,81,1,242.35,Hibernating,201.67,168.76
16216.0,267,1,914.93,Hibernating,89.58,374.53
16217.0,235,2,266.45,Hibernating,127.23,89.28
16218.0,30,7,3054.87,Loyal,593.83,990.05
16221.0,37,3,860.86,Loyal,215.94,540.34
16222.0,318,1,773.55,Hibernating,77.79,147.93
16224.0,57,4,1295.3,At risk,418.52,633.52
16225.0,45,5,1096.32,Loyal,275.38,527.79
16226.0,203,3,255.12,At risk,155.27,67.46
16227.0,225,1,308.32,Hibernating,102.36,150.02
16229.0,87,2,1010.6,Hibernating,306.81,441.45
16230.0,190,2,542.03,Hibernating,193.71,136.26
16232.0,44,4,983.23,Loyal,308.9,320.71
16233.0,71,3,422.13,At risk,158.72,110.36
16235.0,41,4,848.41,Loyal,252.16,265.48
16236.0,78,1,432.2,Hibernating,204.4,906.37
16239.0,57,2,372.9,Hibernating,156.34,187.67
16240.0,24,2,3693.81,Recent / one-off,1251.07,1255.84
16241.0,10,13,2590.31,Champions,559.32,1248.18
16242.0,8,7,3574.91,Champions,961.4,1757.62
16243.0,34,2,409.1,Recent / one-off,408.47,351.9
16244.0,212,2,1522.75,Hibernating,162.53,300.68
16245.0,24,3,1352.36,Loyal,343.56,539.69
16247.0,170,1,114.56,Hibernating,125.87,125.86
16248.0,62,1,152.94,Hibernating,231.04,172.03
16249.0,53,5,1800.07,At risk,398.91,689.64
16250.0,261,2,389.44,Hibernating,108.51,208.52
16253.0,67,2,3683.86,Hibernating,587.75,1685.65
16255.0,17,8,2609.3,Champions,541.9,814.37
16256.0,267,1,732.63,Hibernating,89.85,343.73
16257.0,177,1,21.95,Hibernating,122.8,82.21
16258.0,45,5,5203.51,Loyal,1373.98,1012.17
16260.0,51,1,1035.45,Recent / one-off,252.31,543.69
16261.0,17,4,728.54,Loyal,247.87,359.18
16265.0,9,9,5323.15,Champions,997.9,2705.51
16266.0,74,7,861.89,At risk,331.1,330.04
16268.0,71,2,617.65,Hibernating,214.59,293.98
16270.0,353,1,1141.24,Hibernating,71.35,181.69
16271.0,16,4,1383.69,Loyal,337.22,460.27
16272.0,117,1,411.7,Hibernating,162.52,156.83
16274.0,373,1,331.55,Hibernating,68.12,69.61
16275.0,197,1,559.87,Hibernating,113.54,155.04
16276.0,177,1,810.6,Hibernating,122.8,297.63
16278.0,100,1,537.83,Hibernating,177.87,253.69
16279.0,21,3,1489.88,Loyal,534.96,961.48
16281.0,72,1,2062.06,Hibernating,213.07,1638.55
16282.0,340,1,168.3,Hibernating,73.79,105.13
16283.0,6,5,1529.81,Champions,527.16,747.65
16284.0,31,2,812.68,Recent / one-off,571.95,472.28
16287.0,170,1,142.5,Hibernating,126.4,113.31
16292.0,122,1,280.9,Hibernating,158.26,374.41
16293.0,22,10,2236.74,Loyal,457.96,711.55
16295.0,10,4,1328.55,Loyal,900.38,737.6
16297.0,269,1,278.55,Hibernating,89.32,231.66
16298.0,23,3,598.2,Loyal,301.1,248.23
16302.0,127,1,212.82,Hibernating,154.21,157.49
16303.0,26,3,5305.83,Loyal,1009.39,2679.87
16305.0,139,1,361.22,Hibernating,145.29,196.15
16306.0,214,5,602.27,At risk,193.27,116.0
16308.0,38,4,2560.0,Loyal,687.77,600.83
16309.0,106,2,686.67,Hibernating,203.07,382.18
16311.0,18,2,616.26,Recent / one-off,439.31,314.9
16313.0,3,2,274.15,Recent / one-off,367.72,531.64
16315.0,331,1,226.37,Hibernating,75.46,85.48
16316.0,64,8,2755.56,At risk,597.45,1398.17
16317.0,120,3,1341.65,At risk,274.46,854.55
16318.0,35,1,328.15,Recent / one-off,288.54,343.49
16319.0,218,1,404.4,Hibernating,105.22,242.35
16320.0,172,2,1038.46,Hibernating,176.22,313.11
16321.0,72,3,230.7,At risk,124.37,29.74
16322.0,1,2,326.75,Recent / one-off,418.36,194.29
16323.0,196,1,207.5,Hibernating,113.54,76.28
16324.0,128,3,408.59,At risk,223.41,223.62
16325.0,47,3,510.54,Loyal,215.48,200.27
16326.0,6,14,3014.22,Champions,705.09,928.17
16327.0,14,6,3789.67,Champions,737.78,1547.36
16330.0,18,3,242.21,Loyal,281.71,194.3
16332.0,28,7,1572.8,Loyal,442.62,810.62
16333.0,8,22,26626.8,Champions,6132.15,26345.11
16337.0,37,1,151.05,Recent / one-off,285.8,82.48
16338.0,157,1,214.8,Hibernating,133.1,130.31
16339.0,284,1,94.05,Hibernating,85.28,35.31
16340.0,107,1,534.31,Hibernating,170.81,452.56
16341.0,25,4,1959.38,Loyal,492.66,807.01
16342.0,75,4,322.41,At risk,215.87,57.77
16343.0,16,2,328.58,Recent / one-off,352.69,362.96
16344.0,158,1,101.1,Hibernating,132.51,26.55
16345.0,44,1,565.46,Recent / one-off,265.65,404.56
16347.0,11,2,847.45,Recent / one-off,639.12,375.93
16348.0,32,7,1413.31,Loyal,401.28,614.25
16349.0,291,1,53.5,Hibernating,83.85,18.18
16350.0,21,4,1100.47,Loyal,249.67,625.66
16351.0,333,1,153.9,Hibernating,75.08,89.0
16352.0,18,2,494.44,Recent / one-off,543.92,328.91
16353.0,4,23,6675.71,Champions,1415.44,3942.24
16354.0,63,2,395.8,Hibernating,263.5,257.79
16356.0,198,3,210.32,At risk,132.99,100.67
16357.0,33,3,658.88,Loyal,283.14,333.23
16358.0,1,4,2024.95,Loyal,671.74,793.25
16359.0,7,9,1460.37,Champions,402.23,458.06
16360.0,5,6,3344.41,Champions,1974.38,876.7
16361.0,10,4,891.21,Loyal,604.97,543.24
16362.0,32,5,627.29,Loyal,410.22,552.49
16363.0,53,1,109.36,Hibernating,246.13,163.16
16364.0,12,2,705.79,Recent / one-off,307.04,352.55
16365.0,18,9,1540.42,Champions,371.72,673.07
16366.0,19,1,327.3,Recent / one-off,344.62,783.76
16367.0,37,2,800.67,Recent / one-off,196.73,606.16
16368.0,2,2,479.91,Recent / one-off,503.98,234.58
16369.0,18,3,1543.33,Loyal,508.68,711.84
16370.0,82,4,1301.91,At risk,424.48,475.18
16372.0,33,2,355.73,Recent / one-off,294.17,240.33
16374.0,66,2,458.78,Hibernating,178.26,323.47
16376.0,9,2,965.47,Recent / one-off,509.46,484.12
16377.0,267,1,676.2,Hibernating,89.58,187.18
16378.0,247,3,362.95,At risk,145.1,101.26
16379.0,4,4,2131.9,Loyal,1204.85,1040.38
16380.0,61,1,1743.15,Hibernating,231.04,509.11
16383.0,75,2,643.76,Hibernating,182.0,337.59
16384.0,90,2,584.5,Hibernating,147.27,273.29
16385.0,60,3,554.86,At risk,162.2,263.12
16386.0,29,2,302.57,Recent / one-off,167.9,198.2
16387.0,323,1,94.36,Hibernating,77.0,28.55
16389.0,53,4,1362.27,At risk,405.67,672.4
16392.0,270,1,217.89,Hibernating,89.05,110.09
16393.0,2,13,2935.8,Champions,655.71,784.74
16394.0,57,5,1412.06,At risk,379.2,666.18
16395.0,61,5,1482.06,At risk,350.06,580.78
16398.0,154,2,1631.15,Hibernating,227.6,473.01
16399.0,19,2,406.22,Recent / one-off,174.77,266.6
16400.0,95,1,303.93,Hibernating,184.39,260.77
16401.0,1,12,4063.19,Champions,902.11,2319.9
16402.0,265,2,293.45,Hibernating,96.0,99.23
16403.0,312,1,161.05,Hibernating,79.02,111.24
16404.0,70,1,443.05,Hibernating,216.13,277.98
16405.0,302,2,167.25,Hibernating,125.93,29.17
16406.0,19,1,154.35,Recent / one-off,344.62,461.97
16407.0,13,10,2079.68,Champions,523.08,697.12
16409.0,36,5,2022.98,Loyal,488.47,719.97
16411.0,19,2,211.7,Recent / one-off,95.17,68.3
16412.0,54,1,135.99,Hibernating,246.13,251.1
16413.0,57,1,262.2,Hibernating,240.24,152.66
16414.0,22,2,126.25,Recent / one-off,117.68,25.63
16415.0,44,1,200.27,Recent / one-off,265.65,223.3
16416.0,27,3,1031.4,Loyal,753.43,820.04
16418.0,45,3,631.12,Loyal,260.7,341.1
16419.0,113,6,945.96,At risk,257.59,339.44
16422.0,17,50,34334.3,Champions,6857.65,16150.27
16423.0,25,1,346.12,Recent / one-off,322.5,197.98
16424.0,191,1,82.56,Hibernating,115.72,91.7
16425.0,302,1,302.7,Hibernating,81.14,57.5
16426.0,2,10,1863.76,Champions,501.21,786.18
16427.0,263,2,241.06,Hibernating,128.73,102.85
16429.0,106,1,284.55,Hibernating,171.78,125.88
16430.0,57,1,300.85,Hibernating,238.34,245.25
16431.0,213,3,623.28,At risk,157.84,232.13
16432.0,64,1,287.4,Hibernating,225.84,234.7
16433.0,28,1,184.26,Recent / one-off,309.26,133.78
16434.0,29,7,1511.8,Loyal,371.16,642.88
16438.0,6,5,798.35,Champions,590.78,553.96
16440.0,8,5,3640.67,Champions,1155.25,1394.53
16441.0,67,2,381.2,Hibernating,134.7,177.9
16442.0,2,3,609.3,Loyal,174.95,225.16
16444.0,46,4,645.72,Loyal,249.59,387.47
16445.0,34,1,230.51,Recent / one-off,294.17,216.17
16446.0,206,1,2.9,Hibernating,109.82,118.25
16447.0,136,1,255.91,Hibernating,147.42,154.89
16448.0,198,1,182.99,Hibernating,112.7,133.59
16449.0,198,2,674.69,Hibernating,158.63,357.2
16450.0,150,1,311.92,Hibernating,137.97,141.57
16451.0,88,1,266.97,Hibernating,192.64,222.93
16454.0,64,1,5.9,Hibernating,225.84,241.35
16455.0,64,7,1841.18,At risk,375.5,666.29
16456.0,99,5,2158.18,At risk,352.85,706.76
16457.0,218,1,208.36,Hibernating,104.85,115.24
16458.0,3,18,3482.74,Champions,779.23,1909.18
16460.0,28,3,811.23,Loyal,548.74,670.61
16461.0,178,1,142.92,Hibernating,122.3,96.04
16462.0,74,3,102.0,At risk,120.96,35.52
16463.0,21,4,1383.7,Loyal,473.54,1002.23
16464.0,20,3,1298.66,Loyal,533.11,686.3
16466.0,34,7,1595.96,Loyal,467.31,815.32
16468.0,74,1,74.9,Hibernating,210.1,89.41
16469.0,24,4,625.42,Loyal,210.7,294.47
16470.0,52,4,747.82,At risk,194.87,318.58
16471.0,275,1,223.95,Hibernating,87.76,149.58
16473.0,165,3,314.86,At risk,124.96,92.39
16474.0,7,7,1750.46,Champions,761.59,1180.25
16475.0,88,4,544.3,At risk,168.67,175.08
16477.0,64,7,2494.46,At risk,538.39,1185.31
16478.0,25,3,331.0,Loyal,353.9,285.25
16479.0,10,2,300.83,Recent / one-off,379.32,270.73
16480.0,76,1,769.29,Hibernating,208.65,1062.04
16482.0,16,1,220.62,Recent / one-off,356.86,261.33
16483.0,192,1,139.35,Hibernating,115.28,161.0
16484.0,174,2,379.4,Hibernating,171.54,155.18
16485.0,77,1,363.65,Hibernating,205.8,426.35
16488.0,33,3,492.2,Loyal,276.31,231.27
16491.0,47,1,731.5,Recent / one-off,261.05,351.66
16493.0,80,4,1329.66,At risk,350.19,687.94
16494.0,297,1,826.53,Hibernating,82.48,217.98
16495.0,3,3,648.26,Loyal,193.09,349.95
16496.0,9,3,1562.22,Loyal,272.61,481.09
16497.0,50,6,2965.69,Loyal,668.34,1778.69
16498.0,161,2,86.12,Hibernating,155.42,39.01
16499.0,360,2,319.1,Hibernating,107.88,83.89
16500.0,5,6,400.86,Champions,147.1,79.56
16503.0,107,4,1421.43,At risk,274.14,495.89
16504.0,25,1,465.88,Recent / one-off,319.08,265.4
16505.0,32,1,777.6,Recent / one-off,300.03,119.28
16506.0,20,2,90.3,Recent / one-off,346.8,79.07
16509.0,297,1,363.7,Hibernating,82.48,106.23
16510.0,372,1,248.1,Hibernating,68.28,96.4
16511.0,22,3,916.33,Loyal,254.87,318.09
16513.0,5,4,874.59,Loyal,913.3,466.36
16515.0,52,5,1624.14,At risk,395.35,556.47
16516.0,30,1,101.7,Recent / one-off,303.04,81.45
16517.0,277,1,162.7,Hibernating,87.0,345.78
16518.0,61,2,480.92,Hibernating,164.74,431.03
16519.0,25,2,212.98,Recent / one-off,100.76,60.65
16520.0,186,3,1036.62,At risk,220.11,279.91
16523.0,2,21,9295.67,Champions,2095.97,5605.75
16525.0,2,24,11895.57,Champions,2463.41,4255.78
16526.0,172,1,290.36,Hibernating,125.35,181.74
16527.0,81,1,228.06,Hibernating,200.33,139.9
16528.0,4,1,244.41,Recent / one-off,415.96,354.59
16529.0,190,1,455.25,Hibernating,116.17,160.59
16531.0,22,7,1244.59,Loyal,325.24,614.32
16532.0,18,3,6748.8,Loyal,1069.79,2750.42
16533.0,19,3,1014.19,Loyal,659.15,701.97
16535.0,5,1,593.75,Recent / one-off,404.79,350.14
16536.0,110,1,538.17,Hibernating,167.96,258.66
16539.0,3,4,1388.81,Loyal,266.58,313.61
16542.0,54,1,119.62,Hibernating,246.13,284.52
16545.0,165,1,339.3,Hibernating,129.11,360.33
16549.0,10,10,4034.9,Champions,948.85,2453.03
16550.0,109,5,2265.45,At risk,426.55,713.01
16551.0,96,3,922.12,At risk,215.56,295.24
16552.0,243,2,379.73,Hibernating,129.97,177.29
16553.0,163,12,5664.57,At risk,909.52,1586.56
16554.0,42,3,641.55,Loyal,225.75,344.9
16555.0,35,2,285.89,Recent / one-off,256.12,149.64
16556.0,67,7,3313.79,At risk,701.33,1613.93
16557.0,24,2,281.85,Recent / one-off,239.15,141.89
16558.0,1,20,8257.04,Champions,1680.1,4920.28
16560.0,27,2,816.51,Recent / one-off,171.19,385.52
16561.0,6,2,511.12,Recent / one-off,424.31,320.14
16563.0,54,1,1077.74,Hibernating,246.13,748.93
16565.0,364,1,173.7,Hibernating,69.54,92.34
16566.0,15,5,614.01,Champions,229.79,121.11
16567.0,194,2,865.6,Hibernating,146.4,397.98
16569.0,3,1,124.2,Recent / one-off,415.96,148.67
16570.0,15,10,3622.95,Champions,848.91,1873.04
16571.0,27,3,1285.22,Loyal,305.25,414.29
16572.0,127,3,999.7,At risk,264.76,588.97
16573.0,85,2,648.41,Hibernating,177.78,341.55
16574.0,71,1,451.44,Hibernating,214.59,254.77
16581.0,183,1,70.44,Hibernating,119.87,40.95
16582.0,113,1,313.62,Hibernating,165.19,165.37
16583.0,374,1,233.45,Hibernating,68.12,102.96
16584.0,80,2,908.03,Hibernating,187.41,363.76
16586.0,249,1,463.95,Hibernating,94.95,211.04
16587.0,232,1,225.15,Hibernating,99.99,113.7
16589.0,71,3,459.24,At risk,282.84,255.44
16591.0,69,1,213.5,Hibernating,219.27,123.77
16592.0,4,16,4073.28,Champions,1008.64,2196.05
16593.0,51,3,330.03,Loyal,147.55,84.3
16594.0,75,1,181.09,Hibernating,208.65,202.9
16595.0,61,1,360.16,Hibernating,231.04,280.67
16596.0,16,2,250.15,Recent / one-off,104.17,81.49
16597.0,4,1,90.04,Recent / one-off,410.3,62.85
16598.0,286,1,140.7,Hibernating,85.04,69.13
16600.0,4,6,813.52,Champions,241.71,287.53
16601.0,41,1,241.53,Recent / one-off,275.36,141.74
16602.0,36,1,497.37,Recent / one-off,285.8,185.99
16603.0,75,2,482.47,Hibernating,310.23,265.89
16607.0,18,13,3038.67,Champions,703.04,931.11
16609.0,15,7,5450.96,Champions,1450.06,1666.91
16610.0,219,1,75.66,Hibernating,104.49,40.27
16611.0,186,1,120.99,Hibernating,117.99,68.54
16612.0,33,4,1187.66,Loyal,301.4,493.68
16613.0,70,1,618.59,Hibernating,216.13,364.07
16614.0,183,1,506.19,Hibernating,119.87,146.95
16616.0,15,2,500.42,Recent / one-off,255.98,315.68
16617.0,236,1,151.85,Hibernating,99.0,112.98
16618.0,31,4,2630.64,Loyal,507.72,1147.14
16619.0,264,1,204.41,Hibernating,90.66,142.0
16620.0,4,2,178.96,Recent / one-off,126.67,29.22
16621.0,52,4,813.48,At risk,268.28,373.54
16623.0,246,1,129.45,Hibernating,95.85,78.06
16624.0,81,2,810.57,Hibernating,245.16,510.7
16625.0,275,1,333.08,Hibernating,87.76,344.87
16626.0,1,17,4379.65,Champions,1075.85,3590.35
16627.0,79,1,322.8,Hibernating,203.03,426.52
16628.0,30,5,2183.04,Loyal,642.13,865.55
16629.0,74,2,408.63,Hibernating,298.53,224.67
16633.0,17,6,2878.15,Champions,822.16,1244.53
16634.0,223,2,217.9,Hibernating,89.19,118.93
16637.0,32,4,1124.59,Loyal,364.55,737.35
16638.0,23,10,1676.47,Loyal,419.17,555.79
16639.0,31,3,1169.38,Loyal,354.79,804.42
16641.0,106,1,231.1,Hibernating,172.77,133.68
16642.0,5,2,679.83,Recent / one-off,235.28,329.51
16643.0,246,1,487.51,Hibernating,95.85,156.79
16644.0,178,2,833.78,Hibernating,156.12,318.81
16647.0,170,2,214.06,Hibernating,153.5,104.17
16648.0,43,1,270.86,Recent / one-off,270.42,210.63
16650.0,72,1,518.42,Hibernating,214.59,254.91
16652.0,59,7,6657.67,At risk,1394.3,4561.22
16653.0,16,2,1166.92,Recent / one-off,303.58,364.6
16654.0,141,4,594.97,At risk,157.79,127.86
16655.0,18,6,3789.52,Champions,741.28,2829.82
16656.0,22,15,8568.24,Loyal,1768.09,2832.77
16657.0,10,4,874.43,Loyal,289.55,390.12
16658.0,368,1,123.24,Hibernating,68.9,51.51
16659.0,189,1,39.12,Hibernating,116.62,37.47
16660.0,16,3,810.45,Loyal,207.33,437.44
16665.0,362,1,135.4,Hibernating,69.86,46.14
16666.0,19,1,118.98,Recent / one-off,340.73,261.59
16667.0,68,2,567.18,Hibernating,180.96,337.34
16668.0,15,6,306.72,Champions,172.83,22.33
16669.0,24,2,1340.48,Recent / one-off,570.26,862.39
16670.0,17,11,4022.46,Champions,840.91,2153.16
16671.0,28,3,1692.27,Loyal,267.85,520.48
16672.0,2,20,8119.69,Champions,1973.12,2915.12
16674.0,55,2,304.24,Hibernating,298.8,191.96
16676.0,34,4,1558.72,Loyal,320.85,867.77
16678.0,3,12,3025.24,Champions,809.42,822.74
16679.0,366,1,129.75,Hibernating,69.22,40.43
16680.0,43,1,183.7,Recent / one-off,268.01,109.55
16681.0,73,6,1770.34,At risk,515.28,905.56
16682.0,5,5,1028.0,Champions,318.32,301.45
16684.0,4,28,65920.12,Champions,13717.34,32241.58
16685.0,61,2,324.24,Hibernating,231.04,308.65
16686.0,47,7,2940.53,Loyal,628.56,1168.33
16688.0,1,4,1260.86,Loyal,996.39,1420.42
16689.0,76,2,355.1,Hibernating,298.95,271.19
16690.0,72,2,208.63,Hibernating,165.59,90.1
16692.0,256,2,1126.0,Hibernating,342.62,222.6
16693.0,69,2,477.86,Hibernating,178.13,425.85
16696.0,135,4,657.9,At risk,285.3,206.7
16697.0,241,1,112.75,Hibernating,97.09,77.94
16698.0,227,2,1998.0,Hibernating,307.57,185.77
16700.0,9,13,5038.6,Champions,1054.92,2408.68
16701.0,9,13,5150.27,Champions,1056.72,2520.71
16705.0,1,20,13946.83,Champions,2757.44,5108.07
16706.0,37,3,531.35,Loyal,309.58,294.72
16708.0,46,1,656.63,Recent / one-off,263.33,286.15
16709.0,85,5,3029.87,At risk,568.77,1561.94
16710.0,19,10,2467.99,Loyal,512.72,1145.07
16711.0,3,5,1651.03,Champions,379.37,915.29
16712.0,9,11,3603.66,Champions,939.77,1312.3
16713.0,19,15,6827.88,Loyal,1410.55,4275.52
16714.0,317,2,864.06,Hibernating,77.99,138.42
16715.0,78,1,301.72,Hibernating,204.4,385.48
16716.0,267,2,319.8,Hibernating,126.92,219.87
16717.0,24,5,3264.06,Loyal,676.69,1899.19
16718.0,369,1,606.05,Hibernating,68.74,63.26
16719.0,15,7,1753.72,Champions,356.74,498.11
16720.0,26,1,152.95,Recent / one-off,315.74,91.33
16721.0,262,1,292.47,Hibernating,90.94,203.14
16722.0,17,13,4711.21,Champions,951.99,1964.91
16723.0,91,2,576.4,Hibernating,272.84,235.42
16725.0,302,6,750.87,At risk,212.01,76.92
16726.0,26,5,1358.74,Loyal,329.52,424.47
16727.0,364,1,256.32,Hibernating,69.54,88.25
16728.0,46,4,1048.28,Loyal,322.63,634.18
16729.0,38,21,7045.41,Loyal,2053.57,4532.49
16730.0,52,3,702.79,At risk,213.33,364.69
16732.0,32,1,603.75,Recent / one-off,300.03,253.29
16734.0,52,3,646.76,At risk,339.06,367.94
16735.0,79,5,2216.06,At risk,431.11,1102.84
16737.0,53,1,417.6,Hibernating,246.13,84.71
16738.0,298,1,3.75,Hibernating,82.25,39.9
16739.0,177,1,312.55,Hibernating,122.8,156.63
16743.0,29,7,2166.88,Loyal,443.0,515.18
16744.0,11,7,1291.91,Champions,586.95,761.01
16745.0,87,17,7157.1,At risk,1731.85,4512.96
16746.0,5,18,6676.76,Champions,1425.79,3514.64
16747.0,38,2,826.96,Recent / one-off,460.56,264.75
16748.0,18,5,1515.9,Champions,315.96,587.07
16750.0,45,5,623.93,Loyal,271.58,304.64
16751.0,31,1,1764.72,Recent / one-off,303.04,448.96
16752.0,373,1,207.5,Hibernating,68.28,73.81
16753.0,58,1,223.92,Hibernating,236.47,186.29
16754.0,372,1,2002.4,Hibernating,68.28,132.94
16755.0,114,3,1463.23,At risk,342.84,661.85
16756.0,215,1,239.4,Hibernating,106.33,120.24
16757.0,319,1,106.83,Hibernating,77.79,51.01
16758.0,65,1,369.34,Hibernating,224.16,216.21
16759.0,8,3,772.84,Loyal,646.37,381.09
16761.0,97,1,316.62,Hibernating,182.17,170.28
16762.0,20,3,1207.24,Loyal,518.36,565.18
16763.0,199,1,594.9,Hibernating,112.7,128.52
16764.0,4,13,2749.95,Champions,1265.58,876.44
16765.0,294,1,34.0,Hibernating,82.93,39.9
16766.0,273,2,1145.6,Hibernating,88.01,533.6
16767.0,31,11,5575.56,Loyal,946.31,3069.09
16768.0,48,3,458.04,Loyal,178.14,253.09
16769.0,260,1,361.54,Hibernating,91.49,282.23
16770.0,58,5,731.9,At risk,204.08,156.72
16771.0,33,5,2230.61,Loyal,501.72,750.55
16773.0,57,1,171.59,Hibernating,238.34,160.57
16774.0,68,4,654.92,At risk,328.1,283.2
16775.0,10,11,1691.51,Champions,387.47,795.63
16776.0,60,1,371.54,Hibernating,232.82,291.66
16777.0,80,2,222.62,Hibernating,119.64,154.19
16778.0,74,2,245.94,Hibernating,137.38,142.66
16779.0,2,22,10436.05,Champions,2172.66,4619.65
16780.0,100,2,422.24,Hibernating,169.34,213.87
16781.0,372,1,294.65,Hibernating,68.28,154.2
16782.0,10,13,2230.3,Champions,477.92,851.68
16784.0,20,1,107.6,Recent / one-off,340.73,219.47
16788.0,123,2,592.74,Hibernating,181.54,314.25
16789.0,8,1,80.8,Recent / one-off,389.11,71.67
16790.0,4,6,1520.12,Champions,1082.77,1023.09
16791.0,29,7,1677.53,Loyal,409.31,729.18
16792.0,282,2,110.38,Hibernating,85.76,48.67
16793.0,57,1,243.84,Hibernating,238.34,226.06
16794.0,1,10,1173.28,Champions,489.36,664.93
16795.0,365,1,414.88,Hibernating,69.38,46.98
16796.0,89,1,305.62,Hibernating,190.21,489.91
16800.0,11,1,1162.65,Recent / one-off,374.6,686.54
16801.0,163,3,842.33,At risk,244.77,407.54
16803.0,65,1,332.3,Hibernating,224.16,210.48
16804.0,23,3,536.99,Loyal,200.47,306.54
16805.0,174,2,460.59,Hibernating,126.86,207.82
16806.0,103,4,736.21,At risk,262.45,346.58
16807.0,143,3,1121.59,At risk,291.3,713.01
16808.0,99,2,288.42,Hibernating,130.34,160.17
16809.0,23,5,912.74,Loyal,297.51,494.31
16810.0,192,1,275.64,Hibernating,115.28,153.16
16811.0,5,2,547.07,Recent / one-off,617.85,247.1
16812.0,361,1,479.35,Hibernating,70.18,106.52
16813.0,8,10,1652.18,Champions,617.23,715.73
16814.0,14,21,6398.3,Champions,1345.47,2693.4
16816.0,103,4,417.06,At risk,156.28,92.07
16817.0,3,9,1446.95,Champions,341.81,611.73
16818.0,11,11,3317.97,Champions,1037.62,1371.65
16820.0,96,1,497.61,Hibernating,183.27,278.49
16823.0,227,1,358.38,Hibernating,101.67,195.67
16824.0,16,2,460.64,Recent / one-off,230.65,213.46
16825.0,39,2,775.18,Recent / one-off,279.0,383.32
16826.0,51,1,341.7,Recent / one-off,250.22,294.3
16828.0,112,1,113.5,Hibernating,166.1,88.36
16829.0,157,1,197.22,Hibernating,133.69,122.66
16830.0,39,1,325.91,Recent / one-off,280.48,260.32
16832.0,184,3,199.15,At risk,169.62,67.68
16833.0,1,4,1106.53,Loyal,254.63,668.2
16834.0,228,1,413.46,Hibernating,101.67,94.24
16835.0,128,2,180.85,Hibernating,97.14,37.81
16836.0,40,2,251.87,Recent / one-off,257.71,125.68
16837.0,31,11,3167.73,Loyal,971.33,1290.92
16838.0,197,2,582.9,Hibernating,141.65,263.18
16839.0,9,34,15373.31,Champions,3168.78,3911.95
16841.0,37,6,1774.62,Loyal,463.34,617.97
16842.0,101,3,1260.44,At risk,263.88,600.97
16843.0,43,16,10183.82,Loyal,2211.5,6093.06
16846.0,50,1,214.32,Recent / one-off,252.31,158.76
16847.0,43,1,193.44,Recent / one-off,268.01,119.31
16848.0,53,1,281.42,Hibernating,248.16,280.63
16849.0,187,1,124.57,Hibernating,117.99,74.36
16850.0,334,1,332.41,Hibernating,74.89,73.17
16851.0,4,3,342.45,Loyal,465.7,922.47
16852.0,10,2,144.91,Recent / one-off,153.62,36.6
16855.0,24,2,328.4,Recent / one-off,436.6,448.45
16856.0,15,1,35.4,Recent / one-off,361.14,537.27
16858.0,369,1,345.89,Hibernating,68.9,83.46
16859.0,145,2,473.14,Hibernating,157.15,229.41
16861.0,60,2,156.06,Hibernating,190.28,40.62
16863.0,31,2,481.35,Recent / one-off,138.2,410.91
16866.0,141,3,207.74,At risk,196.0,88.51
16869.0,23,4,797.32,Loyal,350.2,468.7
16871.0,22,6,2761.49,Loyal,676.15,889.47
16872.0,77,3,680.02,At risk,240.95,156.26
16873.0,5,6,7066.31,Champions,1076.83,2784.18
16875.0,67,5,2023.47,At risk,444.15,1081.54
16877.0,12,6,846.62,Champions,380.32,576.88
16880.0,31,7,1491.43,Loyal,560.02,631.34
16881.0,67,1,432.0,Hibernating,222.51,107.92
16882.0,67,3,705.12,At risk,244.11,476.51
16883.0,187,2,272.48,Hibernating,105.65,106.76
16884.0,38,2,429.84,Recent / one-off,283.12,238.32
16885.0,15,3,450.41,Loyal,139.49,143.29
16887.0,35,1,192.33,Recent / one-off,288.54,104.82
16889.0,195,3,1578.67,At risk,305.95,524.22
16891.0,2,5,742.43,Champions,189.76,239.59
16892.0,1,5,489.49,Champions,285.09,752.54
16893.0,367,1,145.93,Hibernating,69.22,71.21
16895.0,65,1,202.27,Hibernating,225.84,391.68
16897.0,314,1,213.03,Hibernating,78.81,77.81
16898.0,26,3,436.68,Loyal,157.94,181.65
16899.0,8,6,1271.06,Champions,312.62,417.91
16900.0,17,3,869.2,Loyal,357.42,577.83
16902.0,116,1,1706.88,Hibernating,162.52,830.9
16903.0,29,1,363.2,Recent / one-off,306.12,217.83
16904.0,4,15,3634.95,Champions,764.67,1223.48
16905.0,5,7,3020.65,Champions,632.46,1174.01
16906.0,82,4,559.59,At risk,238.55,170.24
16907.0,29,5,928.76,Loyal,236.54,340.36
16909.0,72,1,364.14,Hibernating,213.07,305.0
16910.0,4,8,1508.96,Champions,1009.23,960.91
16912.0,29,11,2515.93,Loyal,571.26,1036.34
16913.0,290,1,113.44,Hibernating,83.85,46.35
16914.0,36,1,183.76,Recent / one-off,285.8,83.69
16915.0,9,6,621.68,Champions,249.87,185.31
16916.0,24,2,562.41,Recent / one-off,144.75,214.76
16917.0,277,1,391.52,Hibernating,87.25,681.53
16918.0,50,6,1043.34,Loyal,270.54,352.3
16919.0,156,11,2592.25,At risk,575.8,598.84
16921.0,61,1,154.18,Hibernating,231.04,245.99
16923.0,12,18,6488.3,Champions,1396.34,2678.8
16924.0,21,3,722.64,Loyal,488.26,567.82
16926.0,371,1,230.25,Hibernating,68.43,85.48
16927.0,116,3,543.05,At risk,148.25,186.66
16928.0,80,17,2740.65,At risk,634.4,1017.2
16929.0,4,7,1295.39,Champions,589.04,550.73
16930.0,26,3,378.89,Loyal,355.06,234.15
16931.0,5,21,4554.87,Champions,992.31,1842.12
16932.0,53,1,150.23,Hibernating,246.13,185.18
16933.0,1,2,530.08,Recent / one-off,200.18,305.6
16934.0,55,2,931.03,Hibernating,244.14,298.53
16936.0,26,1,261.9,Recent / one-off,319.08,163.16
16938.0,9,4,1878.43,Loyal,461.25,813.0
16940.0,52,3,3049.88,At risk,630.45,1564.16
16942.0,13,9,1878.51,Champions,607.2,661.26
16943.0,212,3,816.73,At risk,173.37,382.99
16945.0,22,19,4345.5,Loyal,939.64,1895.12
16947.0,236,1,406.48,Hibernating,99.0,64.04
16948.0,139,3,435.02,At risk,170.24,146.29
16949.0,4,6,1161.27,Champions,345.23,347.48
16950.0,57,3,1178.56,At risk,274.95,652.09
16951.0,137,2,1262.75,Hibernating,138.14,669.98
16952.0,109,2,167.61,Hibernating,168.9,192.54
16953.0,30,1,20.8,Recent / one-off,303.04,223.06
16954.0,1,9,2085.08,Champions,447.8,374.48
16955.0,185,4,493.67,At risk,155.05,130.94
16956.0,18,1,292.34,Recent / one-off,348.61,424.17
16957.0,239,2,416.64,Hibernating,167.98,197.97
16959.0,87,1,117.35,Hibernating,192.64,178.66
16960.0,39,3,505.1,Loyal,193.53,358.04
16961.0,116,1,234.17,Hibernating,162.52,155.75
16963.0,187,1,110.55,Hibernating,117.53,68.37
16965.0,227,1,192.07,Hibernating,102.02,143.4
16966.0,8,7,2148.47,Champions,617.0,827.3
16967.0,189,1,319.02,Hibernating,116.62,100.38
16968.0,4,2,439.43,Recent / one-off,282.22,193.41
16969.0,39,3,650.41,Loyal,222.25,328.18
16971.0,38,1,357.21,Recent / one-off,280.48,190.71
16976.0,267,1,251.52,Hibernating,89.58,172.08
16978.0,78,1,344.33,Hibernating,205.8,366.62
16979.0,4,6,1809.05,Champions,454.15,549.74
16980.0,255,2,1028.46,Hibernating,173.06,278.66
16982.0,61,1,384.06,Hibernating,232.82,314.09
16983.0,13,7,1894.82,Champions,433.9,637.21
16984.0,88,2,4370.59,Hibernating,661.36,914.79
16985.0,17,10,5461.62,Champions,1015.96,2843.69
16986.0,30,2,1873.2,Recent / one-off,1764.84,337.49
16987.0,3,7,1616.8,Champions,584.89,825.1
16988.0,5,1,126.12,Recent / one-off,404.79,149.66
16989.0,7,6,1133.25,Champions,286.09,221.22
16990.0,219,1,179.0,Hibernating,104.85,78.82
16992.0,11,5,1601.86,Champions,398.47,641.91
16996.0,30,6,1427.46,Loyal,356.96,398.03
16997.0,288,3,702.0,At risk,159.07,89.37
16998.0,150,3,287.5,At risk,142.74,84.25
16999.0,23,2,484.82,Recent / one-off,376.03,285.59
17001.0,1,11,3989.57,Champions,837.52,1802.19
17002.0,86,3,1487.78,At risk,326.55,992.64
17004.0,46,2,1312.14,Recent / one-off,415.46,576.66
17006.0,5,4,781.78,Loyal,555.89,505.43
17007.0,51,6,877.43,Loyal,227.7,471.48
17010.0,18,1,185.46,Recent / one-off,344.62,186.99
17011.0,30,1,270.9,Recent / one-off,303.04,170.15
17014.0,8,3,562.68,Loyal,501.32,402.57
17015.0,29,3,1838.61,Loyal,572.52,930.91
17017.0,3,20,8574.11,Champions,1648.59,3359.62
17018.0,41,2,920.1,Recent / one-off,191.63,701.47
17019.0,11,4,1258.08,Loyal,260.51,274.05
17022.0,31,1,71.0,Recent / one-off,300.03,69.75
17024.0,45,3,95.85,Loyal,187.02,71.64
17025.0,61,3,357.77,At risk,114.45,182.76
17026.0,185,2,154.83,Hibernating,102.06,57.6
17027.0,79,6,835.86,At risk,243.6,396.05
17029.0,111,2,716.0,Hibernating,207.15,96.89
17030.0,64,1,146.87,Hibernating,227.55,127.89
17031.0,12,2,380.35,Recent / one-off,211.73,318.09
17033.0,86,3,1030.14,At risk,225.4,442.26
17034.0,16,3,734.57,Loyal,240.96,340.36
17035.0,246,2,388.33,Hibernating,128.4,155.6
17037.0,88,1,1253.22,Hibernating,192.64,913.43
17038.0,30,1,112.4,Recent / one-off,303.04,114.26
17040.0,138,1,449.73,Hibernating,145.99,219.7
17041.0,27,3,1055.69,Loyal,233.45,450.01
17042.0,3,5,1036.58,Champions,330.79,273.01
17043.0,32,4,1735.18,Loyal,506.34,793.49
17044.0,25,1,897.43,Recent / one-off,319.08,216.33
17045.0,113,3,339.44,At risk,195.02,163.76
17046.0,157,1,642.02,Hibernating,133.1,583.4
17047.0,85,3,1100.9,At risk,228.68,675.3
17048.0,118,3,864.32,At risk,218.74,560.93
17049.0,3,9,5589.83,Champions,1302.31,1730.39
17050.0,96,6,3185.64,At risk,824.05,1266.15
17051.0,194,1,240.89,Hibernating,114.41,146.61
17052.0,28,1,399.09,Recent / one-off,309.26,140.14
17053.0,131,1,496.38,Hibernating,151.11,198.21
17054.0,28,5,1353.83,Loyal,406.17,539.49
17058.0,82,3,1179.89,At risk,279.63,575.45
17059.0,30,5,3080.39,Loyal,549.22,1021.77
17060.0,266,1,234.24,Hibernating,89.85,144.84
17061.0,74,11,5116.13,At risk,1093.41,1295.14
17062.0,314,4,524.39,At risk,154.75,66.74
17063.0,21,7,1421.79,Loyal,368.51,489.28
17064.0,59,3,855.45,At risk,241.34,366.93
17068.0,12,21,4525.09,Champions,987.56,2118.23
17069.0,28,9,2655.22,Loyal,560.48,1240.9
17070.0,114,1,304.24,Hibernating,164.29,240.73
17071.0,28,9,2385.48,Loyal,587.48,780.18
17073.0,18,4,1444.84,Loyal,682.06,824.52
17075.0,18,4,813.77,Loyal,234.89,307.82
17076.0,36,3,841.08,Loyal,216.57,760.0
17078.0,36,2,375.86,Recent / one-off,285.8,191.01
17079.0,78,1,118.8,Hibernating,204.4,232.35
17080.0,22,2,285.5,Recent / one-off,152.97,168.83
17081.0,25,2,288.91,Recent / one-off,425.13,303.38
17082.0,33,2,2003.85,Recent / one-off,367.44,894.52
17083.0,109,3,1405.78,At risk,257.54,623.74
17084.0,35,2,2747.99,Recent / one-off,288.54,572.44
17085.0,123,5,1550.8,At risk,310.72,437.4
17086.0,7,6,2050.08,Champions,1364.84,1241.51
17088.0,28,4,1991.01,Loyal,373.32,647.8
17090.0,4,7,1972.55,Champions,486.36,1032.5
17091.0,3,9,3802.81,Champions,791.32,1342.53
17092.0,50,4,1774.03,Loyal,509.42,941.89
17094.0,322,1,270.2,Hibernating,77.0,112.48
17095.0,23,3,1296.36,Loyal,294.7,572.66
17096.0,15,4,992.68,Loyal,334.61,442.42
17097.0,2,8,937.92,Champions,243.47,283.58
17100.0,18,2,971.74,Loyal,344.62,561.15
17101.0,10,4,1621.73,Loyal,628.53,577.52
17102.0,262,1,25.5,Hibernating,91.21,71.48
17105.0,159,2,665.78,At risk,166.1,326.35
17107.0,33,6,10356.48,Loyal,2274.32,2507.47
17109.0,29,6,865.93,Loyal,238.44,593.64
17110.0,165,1,163.3,Hibernating,128.56,187.5
17111.0,47,1,231.61,Recent / one-off,258.81,144.76
17114.0,6,7,739.72,Champions,226.69,353.16
17115.0,8,3,806.9,Loyal,260.56,332.4
17117.0,288,1,116.2,Hibernating,84.32,52.64
17118.0,318,1,157.02,Hibernating,77.99,80.24
17119.0,3,2,593.61,Loyal,310.5,425.59
17120.0,233,1,307.46,Hibernating,99.65,203.2
17122.0,119,1,138.32,Hibernating,159.93,92.76
17123.0,162,1,345.3,Hibernating,130.79,158.35
17124.0,185,1,294.24,Hibernating,118.45,174.99
17125.0,50,1,230.5,Recent / one-off,252.31,164.22
17126.0,152,5,976.55,At risk,236.28,491.21
17128.0,335,1,157.09,Hibernating,74.71,88.74
17131.0,5,5,2463.17,Champions,1241.79,1221.96
17133.0,16,7,4892.24,Champions,1202.98,1294.31
17134.0,107,2,413.2,At risk,127.81,190.96
17135.0,16,7,1139.73,Champions,267.46,635.96
17138.0,276,1,380.5,Hibernating,87.5,433.12
17139.0,16,12,10564.62,Champions,2067.05,3927.28
17140.0,247,1,454.12,Hibernating,95.25,246.18
17142.0,239,1,579.0,Hibernating,97.72,152.38
17144.0,1,2,984.57,Loyal,427.99,694.21
17146.0,106,3,749.78,At risk,173.7,287.65
17147.0,23,4,1679.64,Loyal,389.69,554.83
17148.0,52,1,124.88,Hibernating,250.22,220.6
17152.0,195,3,1503.5,At risk,385.94,371.46
17153.0,24,1,213.78,Recent / one-off,322.5,106.04
17154.0,75,1,329.34,Hibernating,208.65,301.18
17155.0,18,2,251.7,Loyal,177.34,186.68
17157.0,8,2,306.55,Loyal,193.76,201.7
17158.0,32,3,1266.97,Loyal,249.99,494.5
17159.0,22,3,1534.73,Loyal,498.97,917.71
17160.0,31,6,3518.03,Loyal,936.31,1621.0
17162.0,29,10,1707.21,Loyal,400.71,429.98
17163.0,22,2,293.1,Loyal,329.15,179.07
17164.0,33,7,2466.4,Loyal,573.23,964.67
17165.0,284,1,158.68,Hibernating,85.28,80.24
17166.0,39,2,189.49,Loyal,151.89,65.85
17169.0,58,2,816.88,At risk,301.08,383.29
17171.0,289,1,224.91,Hibernating,84.09,91.32
17172.0,79,1,317.76,Hibernating,204.4,371.12
17173.0,5,8,3755.65,Champions,1628.69,1036.37
17174.0,218,1,59.9,Hibernating,105.22,37.46
17175.0,44,4,1430.94,Loyal,314.75,562.19
17176.0,202,1,306.13,Hibernating,111.45,162.85
17179.0,178,3,711.79,At risk,175.79,353.69
17180.0,56,4,768.32,At risk,211.23,316.27
17181.0,57,2,239.92,At risk,94.53,86.12
17183.0,8,6,3286.91,Champions,1691.59,900.6
17186.0,47,2,144.0,Loyal,315.57,46.31
17187.0,227,1,203.95,Hibernating,102.02,141.66
17188.0,11,7,2295.73,Champions,470.02,765.29
17189.0,106,2,383.75,At risk,110.94,174.75
17190.0,59,1,249.74,Hibernating,236.47,240.6
17191.0,28,7,2093.68,Loyal,398.61,476.42
17193.0,36,7,1674.46,Loyal,588.3,1332.05
17194.0,361,1,226.78,Hibernating,70.18,80.34
17197.0,30,1,1013.01,Recent / one-off,306.12,254.82
17198.0,24,3,692.22,Loyal,162.71,273.4
17201.0,54,1,289.78,Hibernating,246.13,336.29
17203.0,36,6,3560.08,Loyal,1748.1,847.7
17204.0,175,4,1344.71,At risk,287.7,573.11
17205.0,54,1,384.08,Hibernating,246.13,389.63
17206.0,53,1,204.24,Hibernating,246.13,323.39
17211.0,27,8,2299.67,Loyal,495.21,750.95
17212.0,253,1,226.85,Hibernating,93.47,125.66
17213.0,40,7,2741.08,Loyal,578.1,1401.07
17214.0,60,6,974.12,At risk,253.2,441.9
17217.0,234,1,113.5,Hibernating,99.33,79.53
17218.0,4,10,1951.97,Champions,426.92,637.9
17219.0,32,1,114.23,Recent / one-off,300.03,120.63
17220.0,24,14,3187.55,Loyal,676.62,1001.53
17221.0,7,2,334.48,Loyal,484.17,236.96
17222.0,65,1,328.65,Hibernating,224.16,218.54
17223.0,310,2,381.89,At risk,102.72,96.65
17226.0,309,1,393.49,Hibernating,79.85,42.91
17227.0,19,6,939.32,Loyal,246.81,316.15
17228.0,16,8,1906.09,Champions,431.53,792.08
17229.0,96,2,318.76,At risk,226.21,207.52
17230.0,264,8,3467.67,At risk,457.71,699.56
17231.0,12,10,3078.22,Champions,679.67,1224.81
17232.0,3,2,417.77,Loyal,618.86,529.5
17233.0,35,1,190.88,Recent / one-off,288.54,106.88
17234.0,183,1,149.89,Hibernating,119.87,93.09
17235.0,25,2,550.06,Loyal,116.72,256.71
17236.0,13,6,916.13,Champions,248.79,399.83
17237.0,11,2,314.69,Loyal,445.9,442.22
17238.0,3,17,3719.1,Champions,769.48,2275.29
17239.0,313,1,379.95,Hibernating,79.02,115.29
17242.0,108,2,1135.04,At risk,274.89,457.78
17243.0,1,26,8483.1,Champions,1780.29,4684.68
17244.0,53,1,954.9,Hibernating,246.13,394.99
17245.0,205,1,171.45,Hibernating,110.22,182.61
17247.0,15,1,280.09,Recent / one-off,356.86,428.51
17248.0,120,1,318.65,Hibernating,159.09,240.01
17250.0,4,2,381.97,Loyal,158.58,209.84
17251.0,363,1,269.83,Hibernating,69.86,111.95
17252.0,117,2,348.91,At risk,141.48,230.52
17253.0,18,1,178.26,Recent / one-off,344.62,381.75
17254.0,5,2,271.19,Loyal,511.66,316.37
17255.0,41,2,291.48,Loyal,134.54,124.96
17256.0,107,2,240.0,At risk,115.34,98.79
17259.0,148,2,581.23,At risk,118.71,246.7
17262.0,52,5,1253.36,At risk,278.25,507.82
17263.0,208,1,63.44,Hibernating,108.63,33.71
17265.0,139,2,550.01,At risk,195.25,276.01
17266.0,2,3,296.58,Loyal,240.95,149.21
17267.0,127,2,317.2,At risk,153.42,293.91
17268.0,108,4,763.64,At risk,288.8,221.22
17272.0,42,4,2144.53,Loyal,493.65,967.41
17274.0,35,1,107.82,Recent / one-off,288.54,143.52
17277.0,228,2,1065.35,At risk,159.7,328.4
17278.0,241,1,246.04,Hibernating,97.09,118.02
17279.0,58,1,187.83,Hibernating,238.34,139.07
17282.0,130,3,1685.46,At risk,315.63,803.9
17284.0,60,6,1636.58,At risk,293.92,559.82
17286.0,22,1,151.37,Recent / one-off,333.19,107.43
17287.0,26,7,1049.06,Loyal,273.59,384.82
17288.0,9,7,1417.63,Champions,353.77,640.43
17289.0,32,3,922.77,Loyal,399.02,560.13
17290.0,4,2,513.01,Loyal,562.59,388.21
17291.0,308,1,550.8,Hibernating,79.85,79.97
17293.0,8,9,1854.06,Champions,398.78,702.58
17295.0,29,3,547.0,Loyal,421.03,370.7
17297.0,17,1,128.18,Recent / one-off,348.61,378.25
17298.0,101,2,498.42,At risk,340.35,343.75
17299.0,12,4,656.61,Loyal,332.59,360.55
17301.0,21,1,163.24,Recent / one-off,333.19,176.66
17302.0,15,5,1119.93,Champions,317.57,487.79
17303.0,361,1,250.04,Hibernating,70.02,109.78
17306.0,11,19,8600.73,Champions,1843.12,3458.79
17309.0,95,1,82.75,Hibernating,183.27,38.61
17311.0,78,2,1384.85,At risk,259.82,1239.56
17312.0,139,3,644.3,At risk,341.95,266.0
17313.0,31,1,2291.81,Recent / one-off,300.03,441.85
17314.0,25,8,2514.76,Loyal,634.65,1246.83
17315.0,2,36,6153.35,Champions,1387.51,3258.04
17317.0,46,3,2524.02,Loyal,511.59,963.18
17320.0,100,3,1200.62,At risk,225.92,516.98
17321.0,8,2,657.16,Loyal,281.72,357.37
17323.0,15,7,891.04,Champions,291.33,351.01
17324.0,18,4,986.48,Loyal,253.98,377.65
17325.0,280,1,96.8,Hibernating,86.25,93.56
17329.0,14,2,523.11,Loyal,148.63,280.28
17330.0,23,2,363.9,Loyal,314.89,118.23
17331.0,124,1,175.2,Hibernating,156.61,76.01
17333.0,86,1,494.25,Hibernating,195.14,613.22
17334.0,302,2,306.6,At risk,95.46,102.34
17337.0,151,4,1896.06,At risk,318.6,578.0
17338.0,17,8,6453.0,Champions,1252.59,3141.91
17339.0,94,2,243.36,At risk,114.13,93.0
17340.0,30,11,12161.7,Loyal,2007.51,4568.9
17341.0,157,3,682.29,At risk,128.69,340.66
17343.0,355,1,193.64,Hibernating,71.01,87.19
17344.0,46,1,157.62,Recent / one-off,261.05,109.6
17345.0,15,4,519.69,Loyal,261.93,314.73
17346.0,4,15,2557.9,Champions,578.59,1125.02
17347.0,86,1,228.96,Hibernating,193.88,89.28
17348.0,15,5,1156.6,Champions,338.4,768.33
17349.0,179,1,98.25,Hibernating,121.31,46.62
17350.0,8,4,1251.44,Loyal,1080.56,760.42
17351.0,36,3,587.15,Loyal,201.65,250.8
17353.0,129,2,1740.0,At risk,462.78,164.94
17354.0,51,1,1393.06,Recent / one-off,252.31,518.1
17356.0,312,1,178.22,Hibernating,79.22,87.46
17357.0,24,2,384.39,Loyal,322.5,201.75
17358.0,303,2,360.81,At risk,104.96,100.37
17359.0,11,1,127.86,Recent / one-off,374.6,197.84
17360.0,17,3,568.24,Loyal,215.42,266.21
17361.0,49,3,488.2,Loyal,204.08,256.97
17362.0,239,2,312.23,At risk,126.64,163.75
17364.0,1,11,4437.23,Champions,991.16,2627.34
17365.0,13,8,4762.32,Champions,971.21,2699.12
17367.0,238,1,167.55,Hibernating,98.03,138.01
17368.0,23,8,1315.72,Loyal,371.34,517.5
17370.0,73,4,446.18,At risk,278.09,248.41
17371.0,17,3,418.4,Loyal,141.21,331.94
17372.0,41,8,1337.18,Loyal,328.9,587.69
17373.0,40,4,646.92,Loyal,210.66,367.47
17374.0,219,2,495.77,At risk,168.43,226.76
17375.0,199,3,372.5,At risk,141.63,109.65
17376.0,71,2,203.2,At risk,112.61,117.49
17377.0,24,20,3883.32,Loyal,868.14,2213.43
17379.0,11,1,389.72,Recent / one-off,374.6,602.45
17381.0,9,29,20272.43,Champions,3998.67,11367.87
17382.0,65,1,65.4,Hibernating,224.16,72.18
17383.0,4,1,193.39,Recent / one-off,410.3,177.24
17384.0,19,2,336.4,Loyal,151.62,171.93
17385.0,15,1,256.11,Recent / one-off,361.14,426.2
17386.0,8,6,2686.42,Champions,909.21,1122.91
17387.0,20,2,746.81,Loyal,678.5,389.41
17388.0,78,4,1259.56,At risk,314.66,667.58
17389.0,1,34,31234.28,Champions,7212.13,31795.67
17391.0,164,2,508.8,At risk,184.99,238.57
17392.0,307,2,411.27,At risk,109.05,91.42
17394.0,219,1,203.87,Hibernating,104.49,150.87
17396.0,39,7,7312.8,Loyal,1413.12,4134.83
17397.0,22,2,681.41,Loyal,329.55,261.52
17398.0,115,3,653.38,At risk,202.46,298.51
17400.0,126,5,2097.84,At risk,431.06,574.47
17402.0,5,12,2598.85,Champions,522.96,1120.72
17403.0,36,1,263.92,Recent / one-off,285.8,107.33
17404.0,26,12,30175.82,Loyal,6332.15,31598.02
17405.0,1,3,967.22,Loyal,384.59,469.62
17406.0,333,3,1883.22,At risk,293.49,124.78
17408.0,163,1,32.65,Hibernating,129.66,120.8
17409.0,185,2,771.85,At risk,237.17,364.89
17410.0,16,5,1214.72,Champions,410.57,619.72
17411.0,12,3,748.94,Loyal,235.12,380.86
17412.0,3,7,1258.06,Champions,298.42,557.29
17414.0,44,2,778.0,Loyal,194.59,145.5
17415.0,80,1,507.84,Hibernating,203.03,694.25
17416.0,30,7,6838.34,Loyal,1299.0,2913.12
17418.0,42,2,463.46,Loyal,148.86,372.12
17419.0,11,12,4200.97,Champions,867.97,2299.22
17420.0,50,3,598.83,Loyal,170.88,236.83
17422.0,16,6,1853.13,Champions,482.75,368.28
17423.0,46,2,663.63,Loyal,186.26,365.89
17425.0,19,2,759.17,Loyal,314.48,308.32
17426.0,8,6,5022.26,Champions,1028.64,3282.96
17427.0,72,1,100.8,Hibernating,214.59,69.44
17428.0,1,28,17079.65,Champions,3530.2,6901.77
17429.0,128,3,512.12,At risk,222.08,229.17
17430.0,33,2,265.76,Loyal,108.68,87.06
17431.0,313,1,403.3,Hibernating,78.81,43.71
17432.0,18,2,365.76,Loyal,470.54,224.76
17433.0,88,1,303.16,Hibernating,191.42,355.1
17434.0,2,7,2333.42,Champions,1293.5,1465.46
17436.0,2,2,216.3,Loyal,144.08,54.19
17438.0,254,1,378.3,Hibernating,93.47,235.62
17440.0,157,3,177.1,At risk,124.55,85.3
17442.0,37,6,2210.26,Loyal,541.85,803.07
17443.0,220,1,534.24,Hibernating,104.49,70.25
17444.0,152,2,2389.1,At risk,541.15,887.85
17446.0,177,2,120.9,At risk,103.7,46.5
17447.0,40,2,541.53,Loyal,345.02,232.07
17449.0,2,7,2500.21,Champions,458.01,888.19
17450.0,8,45,189575.53,Champions,38772.12,24665.93
17451.0,1,7,1648.95,Champions,876.19,1309.64
17453.0,18,2,486.72,Loyal,348.83,625.98
17454.0,192,4,517.53,At risk,157.97,134.5
17455.0,204,1,131.7,Hibernating,110.63,84.74
17456.0,365,1,249.86,Hibernating,69.38,108.74
17457.0,127,5,1737.7,At risk,378.25,614.93
17458.0,15,1,316.5,Recent / one-off,356.86,481.13
17459.0,43,2,657.3,Loyal,488.09,343.74
17460.0,226,5,452.63,At risk,170.98,86.34
17461.0,23,3,735.82,Loyal,638.86,325.59
17462.0,60,2,662.94,At risk,143.87,510.98
17463.0,16,5,1860.81,Champions,363.02,692.98
17464.0,158,1,289.96,Hibernating,132.51,161.86
17466.0,10,2,763.28,Loyal,399.79,482.51
17468.0,10,2,137.0,Loyal,450.04,186.29
17469.0,16,5,1843.06,Champions,623.27,916.07
17470.0,45,5,1125.07,Loyal,274.34,550.19
17472.0,191,3,697.54,At risk,200.91,266.08
17475.0,79,1,194.37,Hibernating,203.03,140.62
17480.0,78,1,506.32,Hibernating,205.8,711.49
17481.0,4,4,1249.34,Loyal,751.26,793.09
17483.0,65,3,414.04,At risk,231.22,134.92
17486.0,261,1,396.87,Hibernating,91.21,127.28
17489.0,59,2,376.64,At risk,171.91,183.68
17490.0,1,7,1940.98,Champions,742.5,1147.53
17491.0,1,10,3541.92,Champions,741.71,2338.99
17492.0,248,1,374.57,Hibernating,94.95,341.79
17495.0,8,2,497.56,Loyal,440.7,278.15
17496.0,359,1,271.05,Hibernating,70.51,105.75
17498.0,76,1,272.22,Hibernating,208.65,384.46
17499.0,290,1,622.88,Hibernating,84.09,81.15
17500.0,17,3,1138.0,Loyal,1087.71,524.52
17501.0,221,2,288.6,At risk,104.13,191.75
17502.0,9,4,689.1,Loyal,782.53,469.8
17503.0,3,2,558.96,Loyal,487.07,250.5
17504.0,206,8,2745.28,At risk,603.35,585.32
17505.0,162,2,1145.84,At risk,316.47,571.48
17506.0,76,1,294.29,Hibernating,208.65,250.25
17507.0,262,2,605.58,At risk,147.93,132.14
17508.0,281,1,387.31,Hibernating,86.25,137.42
17509.0,58,8,6069.24,At risk,1379.14,1352.82
17510.0,25,1,308.48,Recent / one-off,322.5,316.81
17511.0,3,30,88142.68,Champions,17694.3,30529.46
17512.0,29,10,2920.04,Loyal,686.84,1394.09
17513.0,72,1,513.2,Hibernating,213.07,487.14
17514.0,128,1,208.65,Hibernating,152.65,237.26
17515.0,31,4,639.02,Loyal,186.87,238.06
17516.0,15,5,764.88,Champions,212.07,256.33
17517.0,309,1,153.94,Hibernating,79.85,94.16
17519.0,17,6,1839.07,Champions,387.75,429.79
17520.0,54,1,546.81,Hibernating,246.13,494.84
17521.0,30,3,721.96,Loyal,310.62,356.91
17522.0,2,5,1066.15,Champions,408.19,688.14
17523.0,11,4,652.74,Loyal,794.6,632.28
17524.0,361,1,145.0,Hibernating,70.02,51.7
17525.0,360,1,422.7,Hibernating,70.35,84.35
17526.0,5,4,706.7,Loyal,183.65,403.22
17527.0,54,4,888.86,At risk,319.43,453.69
17528.0,1,8,3539.5,Champions,1793.8,801.46
17530.0,1,10,2362.53,Champions,509.03,1132.39
17531.0,190,1,296.7,Hibernating,116.17,138.22
17534.0,54,1,223.36,Hibernating,246.13,187.78
17535.0,280,1,164.4,Hibernating,86.25,495.37
17536.0,177,1,76.5,Hibernating,122.3,68.86
17537.0,30,2,887.67,Loyal,150.71,415.39
17538.0,26,1,98.42,Recent / one-off,319.08,51.46
17540.0,25,2,570.4,Loyal,152.68,294.52
17542.0,270,1,170.75,Hibernating,89.05,137.48
17545.0,43,3,642.32,Loyal,268.01,408.54
17549.0,24,2,148.86,Loyal,370.81,84.47
17550.0,197,3,267.16,At risk,140.52,76.65
17551.0,359,1,290.34,Hibernating,70.35,151.82
17552.0,60,4,913.91,At risk,201.87,574.58
17553.0,130,1,1487.6,Hibernating,151.88,182.11
17554.0,1,5,1952.45,Champions,642.67,1075.66
17555.0,20,2,480.31,Loyal,142.62,344.73
17556.0,206,1,157.9,Hibernating,109.82,157.33
17557.0,14,3,541.46,Loyal,384.76,352.81
17560.0,95,4,854.95,At risk,254.36,295.15
17561.0,19,1,165.12,Recent / one-off,340.73,278.59
17562.0,14,7,1107.38,Champions,457.52,687.35
17564.0,24,3,454.01,Loyal,432.44,281.65
17566.0,8,2,869.77,Loyal,766.9,464.19
17567.0,7,8,4062.77,Champions,796.18,2128.71
17569.0,332,1,344.14,Hibernating,75.08,78.54
17571.0,50,4,1424.42,Loyal,365.91,557.2
17572.0,71,4,226.75,At risk,115.58,28.2
17573.0,29,3,362.9,Loyal,332.38,254.51
17574.0,243,1,185.65,Hibernating,96.77,115.8
17576.0,8,19,3399.93,Champions,768.5,1231.88
17578.0,218,1,124.74,Hibernating,104.85,95.99
17579.0,5,3,440.2,Loyal,240.53,137.02
17580.0,253,3,212.77,At risk,118.62,92.33
17581.0,1,24,10716.31,Champions,2086.38,5622.35
17582.0,236,1,175.27,Hibernating,98.68,136.89
17584.0,7,2,1227.3,Loyal,375.88,650.05
17585.0,109,4,1116.68,At risk,238.13,429.86
17588.0,100,3,1240.2,At risk,353.35,484.93
17589.0,60,4,2402.92,At risk,617.59,1191.84
17590.0,2,3,1466.77,Loyal,1179.78,551.56
17591.0,73,7,2192.72,At risk,451.29,798.2
17593.0,4,5,3908.08,Champions,751.94,1916.4
17594.0,85,2,993.18,At risk,273.22,510.17
17595.0,12,2,386.69,Loyal,500.74,238.38
17596.0,23,7,2806.69,Loyal,571.39,1228.23
17597.0,214,1,2044.37,Hibernating,106.71,322.67
17600.0,18,1,161.67,Recent / one-off,348.61,129.3
17601.0,239,1,116.01,Hibernating,97.72,80.67
17602.0,2,6,5002.22,Champions,1031.45,2839.16
17603.0,78,1,390.97,Hibernating,204.4,610.74
17604.0,217,2,309.36,At risk,127.88,164.55
17608.0,33,2,191.99,Loyal,294.17,152.83
17609.0,41,5,1091.78,Loyal,240.11,584.24
17611.0,7,15,3924.77,Champions,854.89,1980.69
17612.0,53,6,2000.32,At risk,508.28,546.6
17613.0,23,14,4494.77,Loyal,1032.21,2336.62
17614.0,57,1,386.32,Hibernating,238.34,388.71
17615.0,130,3,329.6,At risk,176.78,114.44
17616.0,174,3,571.2,At risk,131.07,232.99
17618.0,6,3,930.28,Loyal,210.26,321.8
17619.0,312,1,214.37,Hibernating,79.02,99.66
17620.0,60,1,81.44,Hibernating,234.63,68.16
17621.0,21,3,1336.1,Loyal,309.47,481.99
17623.0,33,1,527.05,Recent / one-off,297.07,371.85
17624.0,15,2,843.48,Loyal,243.35,444.17
17625.0,18,4,2020.4,Loyal,499.01,802.48
17628.0,81,1,75.75,Hibernating,200.33,61.13
17629.0,6,8,1784.12,Champions,414.47,994.94
17630.0,170,2,503.6,At risk,160.51,203.56
17631.0,2,3,528.33,Loyal,184.57,175.85
17633.0,31,4,1242.34,Loyal,636.17,605.55
17634.0,36,9,2358.59,Loyal,438.15,676.42
17636.0,19,1,265.93,Recent / one-off,340.73,321.94
17637.0,31,2,547.06,Loyal,279.32,289.09
17639.0,276,1,108.5,Hibernating,87.25,156.18
17640.0,87,1,621.66,Hibernating,193.88,381.3
17642.0,120,2,712.29,At risk,244.68,387.93
17643.0,373,1,101.55,Hibernating,68.12,33.43
17644.0,1,11,2769.3,Champions,758.94,1490.79
17646.0,219,3,994.39,At risk,226.28,282.28
17647.0,65,1,133.06,Hibernating,224.16,104.24
17648.0,61,4,1789.55,At risk,430.43,858.82
17649.0,138,1,861.74,Hibernating,145.29,433.22
17650.0,21,1,166.08,Recent / one-off,333.19,153.56
17651.0,12,10,3886.67,Champions,1425.81,1400.83
17652.0,25,12,4737.13,Loyal,1257.73,3062.41
17653.0,37,4,1175.88,Loyal,652.09,538.65
17654.0,277,1,117.55,Hibernating,87.0,235.51
17655.0,11,7,2571.74,Champions,483.27,1108.47
17656.0,73,5,1674.69,At risk,774.27,823.5
17658.0,26,2,485.88,Loyal,172.58,203.42
17659.0,17,12,2954.75,Champions,634.83,1534.52
17660.0,141,1,178.75,Hibernating,143.22,145.46
17663.0,26,7,1788.27,Loyal,456.74,712.39
17664.0,19,2,604.64,Loyal,202.65,209.09
17666.0,4,2,728.16,Loyal,447.89,354.95
17667.0,66,5,2055.51,At risk,362.63,1116.04
17668.0,1,2,347.75,Loyal,463.26,184.55
17669.0,43,7,3406.72,Loyal,926.13,1711.04
17670.0,228,1,205.7,Hibernating,101.67,128.89
17671.0,16,4,1286.08,Loyal,260.88,367.29
17672.0,50,2,3106.62,Loyal,497.84,1761.41
17673.0,2,6,1588.07,Champions,363.67,478.55
17674.0,74,2,551.04,At risk,125.36,370.94
17675.0,1,30,20098.1,Champions,4130.61,21753.69
17676.0,4,6,1371.18,Champions,302.34,528.71
17677.0,2,29,16201.18,Champions,3212.18,7246.55
17678.0,264,1,298.11,Hibernating,90.66,197.06
17679.0,53,2,1992.11,At risk,405.03,946.84
17680.0,24,1,184.4,Recent / one-off,325.99,81.25
17682.0,10,6,2459.33,Champions,498.47,890.87
17684.0,44,1,239.41,Recent / one-off,268.01,152.87
17685.0,17,7,3155.83,Champions,623.05,1570.05
17686.0,7,7,5739.46,Champions,1061.39,3059.35
17690.0,30,15,4717.3,Loyal,964.61,3149.55
17691.0,358,2,290.4,At risk,106.99,48.0
17692.0,127,4,718.08,At risk,165.56,299.68
17693.0,137,1,187.02,Hibernating,145.99,157.19
17694.0,142,1,283.12,Hibernating,143.22,193.56
17695.0,132,2,765.34,At risk,280.66,348.7
17696.0,38,8,2201.05,Loyal,501.9,617.3
17697.0,236,1,338.95,Hibernating,98.68,139.64
17698.0,261,1,154.95,Hibernating,91.49,99.99
17700.0,17,4,2508.89,Loyal,570.41,918.79
17701.0,253,1,417.95,Hibernating,93.76,115.66
17702.0,30,4,1719.72,Loyal,562.62,661.56
17703.0,35,3,798.74,Loyal,404.81,383.9
17704.0,169,2,885.19,At risk,240.69,221.23
17705.0,3,9,1781.12,Champions,497.81,580.82
17706.0,4,17,10083.56,Champions,2050.34,4527.01
17707.0,185,2,152.4,At risk,100.12,43.72
17708.0,188,2,263.33,At risk,120.67,88.89
17709.0,170,1,137.45,Hibernating,126.4,89.8
17711.0,11,2,385.1,Loyal,134.22,152.96
17712.0,45,1,522.91,Recent / one-off,265.65,363.74
17714.0,321,1,153.0,Hibernating,77.39,89.0
17715.0,201,1,326.4,Hibernating,111.86,87.7
17716.0,23,11,5505.79,Loyal,1396.36,1507.8
17718.0,232,1,139.35,Hibernating,99.99,142.35
17719.0,38,15,5367.8,Loyal,1440.32,1981.38
17720.0,26,4,1195.94,Loyal,298.81,443.94
17722.0,96,4,2380.64,At risk,378.4,869.87
17723.0,127,6,3276.4,At risk,1037.26,236.97
17724.0,71,3,995.65,At risk,425.85,355.82
17725.0,16,11,3371.13,Champions,920.68,1318.94
17727.0,15,1,1042.55,Recent / one-off,356.86,415.7
17728.0,4,3,2860.71,Loyal,1572.18,1095.09
17730.0,3,13,5288.83,Champions,1222.18,2171.67
17731.0,79,4,878.2,At risk,335.25,380.6
17732.0,373,1,303.97,Hibernating,68.28,74.29
17733.0,39,2,692.19,Loyal,219.29,443.02
17734.0,54,3,700.63,At risk,282.59,394.79
17735.0,2,19,13110.02,Champions,2688.0,5148.16
17736.0,9,2,337.49,Loyal,205.86,175.74
17737.0,9,2,168.24,Loyal,325.96,62.28
17738.0,19,4,1863.35,Loyal,359.48,649.82
17739.0,12,7,2786.05,Champions,584.12,1098.37
17742.0,113,2,355.11,At risk,97.96,223.86
17744.0,4,6,2322.4,Champions,485.22,971.61
17746.0,240,1,98.8,Hibernating,97.4,41.31
17747.0,113,1,65.45,Hibernating,166.1,18.43
17749.0,178,2,674.52,At risk,181.77,288.15
17750.0,5,9,1694.16,Champions,699.87,639.4
17752.0,359,1,80.64,Hibernating,70.35,18.66
17754.0,1,5,1623.0,Champions,481.58,960.45
17757.0,1,30,5569.64,Champions,1199.3,2588.92
17758.0,19,8,3408.2,Loyal,887.78,1091.15
17759.0,17,3,818.71,Loyal,362.27,438.79
17760.0,22,2,287.59,Loyal,99.96,108.68
17761.0,33,1,712.78,Recent / one-off,297.07,504.07
17763.0,263,1,15.0,Hibernating,90.66,78.62
17764.0,51,2,772.55,Loyal,277.01,513.36
17765.0,159,3,367.63,At risk,176.17,206.53
17767.0,15,1,271.2,Recent / one-off,356.86,183.7
17768.0,8,3,2081.9,Loyal,751.07,764.64
17769.0,13,10,3920.08,Champions,907.26,4212.9
17770.0,199,5,1143.27,At risk,237.89,507.21
17771.0,57,2,245.33,At risk,115.59,129.31
17772.0,11,2,173.45,Loyal,379.32,323.78
17774.0,97,4,1203.78,At risk,325.67,370.67
17775.0,255,1,56.4,Hibernating,93.18,28.07
17777.0,25,3,647.56,Loyal,441.18,362.41
17779.0,21,3,633.92,Loyal,299.73,423.69
17781.0,159,2,188.02,At risk,130.1,61.15
17783.0,72,2,283.47,At risk,153.64,181.1
17785.0,53,1,131.94,Hibernating,246.13,223.19
17786.0,85,2,266.85,At risk,124.28,112.98
17787.0,153,4,1817.54,At risk,293.66,781.69
17788.0,74,2,1112.95,At risk,612.4,250.54
17789.0,281,1,225.9,Hibernating,86.01,147.85
17790.0,27,14,1964.3,Loyal,468.01,730.71
17791.0,30,1,106.1,Recent / one-off,306.12,98.26
17793.0,25,1,300.34,Recent / one-off,319.08,232.33
17795.0,180,2,342.83,At risk,149.59,142.74
17796.0,40,4,690.0,Loyal,197.48,247.35
17797.0,22,3,780.43,Loyal,298.4,790.67
17799.0,22,10,3009.32,Loyal,661.88,1018.14
17800.0,37,9,1186.21,Loyal,327.29,358.09
17802.0,82,3,1251.84,At risk,305.13,717.0
17805.0,74,1,512.31,Hibernating,211.58,466.76
17806.0,11,1,546.04,Recent / one-off,374.6,483.55
17809.0,16,12,5344.66,Champions,1150.1,4200.77
17811.0,4,39,7595.23,Champions,1766.0,4016.62
17812.0,13,4,699.81,Loyal,184.63,353.16
17813.0,14,5,1641.79,Champions,1094.59,966.15
17816.0,37,4,36.56,Loyal,91.33,110.26
17817.0,4,3,387.68,Loyal,128.32,147.53
17819.0,72,7,3661.07,At risk,697.02,1669.48
17824.0,51,1,298.4,Recent / one-off,250.22,231.21
17827.0,5,5,1987.33,Champions,221.66,853.95
17828.0,23,4,1074.97,Loyal,291.32,544.99
17829.0,299,1,889.24,Hibernating,82.03,128.78
17830.0,2,3,398.7,Loyal,152.06,105.41
17831.0,33,1,35.4,Recent / one-off,294.17,320.66
17832.0,50,1,155.37,Recent / one-off,254.44,244.74
17835.0,3,3,342.24,Loyal,607.65,736.59
17836.0,47,1,109.83,Recent / one-off,258.81,197.61
17837.0,42,8,1502.48,Loyal,699.42,914.59
17838.0,89,4,2267.4,At risk,389.04,886.46
17839.0,42,1,318.15,Recent / one-off,270.42,329.56
17841.0,2,124,39862.29,Champions,8168.08,26469.95
17843.0,303,1,197.73,Hibernating,80.93,101.98
17844.0,107,1,51.56,Hibernating,171.78,39.1
17848.0,81,9,901.2,At risk,258.17,171.31
17849.0,218,4,605.8,At risk,175.81,214.34
17850.0,372,34,5304.18,At risk,755.39,236.47
17852.0,12,2,114.34,Loyal,374.6,207.86
17854.0,185,2,311.26,At risk,171.52,153.73
17855.0,373,1,208.97,Hibernating,68.28,71.66
17856.0,2,4,1393.79,Loyal,330.31,263.8
17857.0,4,21,25185.84,Champions,5011.61,31005.41
17858.0,6,12,5140.66,Champions,1084.2,2707.29
17859.0,305,1,141.92,Hibernating,80.71,76.63
17860.0,369,1,226.45,Hibernating,68.9,110.87
17861.0,3,8,2056.28,Champions,508.41,728.2
17862.0,324,1,330.9,Hibernating,76.8,84.54
17863.0,59,6,3160.0,At risk,637.12,1420.55
17864.0,13,3,554.85,Loyal,192.21,265.13
17865.0,31,19,10156.62,Loyal,2027.62,6703.47
17866.0,143,1,325.7,Hibernating,142.54,144.87
17867.0,30,6,583.52,Loyal,241.15,144.81
17869.0,107,5,428.18,At risk,128.09,81.39
17870.0,2,12,1860.94,Champions,401.2,546.6
17871.0,205,1,155.9,Hibernating,110.22,132.29
17873.0,80,5,1624.78,At risk,372.13,773.34
17874.0,185,6,658.26,At risk,271.21,261.12
17877.0,170,1,237.61,Hibernating,125.87,146.23
17878.0,44,1,379.45,Recent / one-off,268.01,227.64
17879.0,174,1,178.52,Hibernating,124.31,163.0
17880.0,365,1,458.92,Hibernating,69.54,64.62
17881.0,304,1,133.35,Hibernating,80.71,46.14
17883.0,3,4,664.34,Loyal,266.35,290.07
17884.0,4,4,695.07,Loyal,183.58,212.39
17885.0,12,1,156.34,Recent / one-off,370.0,410.45
17886.0,32,3,869.28,Loyal,284.36,596.51
17887.0,129,1,111.35,Hibernating,151.88,66.81
17888.0,38,6,515.73,Loyal,190.04,157.82
17889.0,212,2,201.37,At risk,110.38,45.07
17890.0,323,2,586.89,At risk,104.36,57.13
17891.0,162,1,203.86,Hibernating,130.22,159.86
17892.0,56,3,244.1,At risk,202.42,77.16
17893.0,225,1,107.21,Hibernating,102.36,97.93
17894.0,72,8,1118.54,At risk,294.26,284.92
17895.0,44,1,95.45,Recent / one-off,265.65,59.51
17896.0,23,1,256.32,Recent / one-off,325.99,66.1
17897.0,173,3,516.31,At risk,154.2,235.73
17898.0,85,2,152.06,At risk,142.17,48.8
17899.0,159,1,154.55,Hibernating,131.93,147.97
17900.0,190,1,15.0,Hibernating,116.17,61.25
17901.0,29,1,110.38,Recent / one-off,306.12,189.6
17904.0,21,1,168.32,Recent / one-off,333.19,96.75
17905.0,71,4,798.99,At risk,200.12,298.97
17906.0,247,1,72.9,Hibernating,95.25,38.07
17908.0,374,1,232.03,Hibernating,68.12,91.87
17911.0,9,1,366.23,Recent / one-off,384.15,443.71
17912.0,310,5,294.66,At risk,124.71,21.69
17913.0,59,2,408.65,At risk,118.15,186.43
17914.0,4,1,329.36,Recent / one-off,415.96,490.99
17917.0,45,3,335.03,Loyal,129.36,166.98
17919.0,88,1,1304.04,Hibernating,191.42,806.71
17920.0,4,17,4107.6,Champions,829.45,2190.31
17921.0,64,4,820.23,At risk,249.75,457.73
17923.0,282,1,207.5,Hibernating,85.76,66.37
17924.0,12,7,2896.94,Champions,600.8,1333.15
17925.0,373,1,244.08,Hibernating,68.28,83.86
17926.0,133,2,397.29,At risk,182.62,253.81
17928.0,45,2,184.46,Loyal,138.01,127.21
17929.0,11,4,834.5,Loyal,243.49,152.99
17930.0,36,5,1740.48,Loyal,500.32,1061.88
17931.0,134,2,408.36,At risk,135.38,233.25
17932.0,29,3,1331.57,Loyal,350.29,491.77
17934.0,52,2,704.25,At risk,316.71,249.34
17935.0,138,2,142.89,At risk,170.4,55.49
17936.0,5,1,380.13,Recent / one-off,404.79,261.94
17937.0,9,7,4301.22,Champions,678.81,2394.32
17939.0,160,1,99.14,Hibernating,131.93,51.91
17940.0,49,9,2152.18,Loyal,367.39,248.73
17941.0,131,1,304.56,Hibernating,151.11,100.99
17942.0,8,1,77.5,Recent / one-off,394.2,91.47
17946.0,233,2,149.58,At risk,138.71,51.62
17947.0,37,1,176.68,Recent / one-off,283.12,113.58
17948.0,147,1,358.56,Hibernating,139.25,80.84
17949.0,1,41,53215.74,Champions,10698.76,18280.59
17950.0,72,3,472.12,At risk,120.57,287.93
17951.0,40,3,990.84,Loyal,213.24,651.34
17954.0,5,12,2276.78,Champions,534.63,653.32
17955.0,199,4,557.3,At risk,210.36,169.35
17956.0,249,1,12.75,Hibernating,94.65,71.48
17957.0,66,1,110.72,Hibernating,222.51,132.52
17958.0,117,1,508.46,Hibernating,162.52,187.51
17960.0,171,1,73.78,Hibernating,125.35,50.56
17961.0,21,39,1296.44,Loyal,330.74,222.21
17962.0,142,1,102.41,Hibernating,142.54,63.49
17964.0,32,2,463.21,Loyal,115.53,232.33
17965.0,38,14,2599.19,Loyal,610.94,1107.73
17966.0,38,5,1098.43,Loyal,358.21,770.28
17967.0,372,1,112.27,Hibernating,68.43,69.81
17968.0,374,1,265.1,Hibernating,68.12,66.62
17969.0,166,2,228.2,At risk,100.55,118.83
17970.0,211,1,562.79,Hibernating,107.47,108.94
17972.0,242,1,135.19,Hibernating,97.09,75.53
17973.0,52,1,337.04,Hibernating,250.22,295.31
17974.0,25,3,703.99,Loyal,282.66,322.75
17975.0,15,13,4384.76,Champions,923.4,1658.38
17976.0,372,1,321.79,Hibernating,68.28,70.01
17977.0,29,1,288.14,Recent / one-off,306.12,411.09
17978.0,365,1,300.92,Hibernating,69.38,92.36
17979.0,36,4,709.11,Loyal,237.55,345.2
17980.0,166,3,811.45,At risk,185.75,473.02
17984.0,145,1,152.68,Hibernating,140.55,211.51
17985.0,22,1,631.35,Recent / one-off,329.55,338.29
17986.0,56,1,20.8,Hibernating,240.24,293.17
17987.0,185,1,198.57,Hibernating,118.45,142.04
17988.0,12,7,191.17,Champions,124.8,28.26
17990.0,237,3,630.84,At risk,174.66,201.15
17991.0,225,2,93.35,At risk,142.37,46.29
17994.0,122,4,626.09,At risk,186.62,284.39
17995.0,282,1,76.1,Hibernating,86.01,20.57
17997.0,74,8,1537.67,At risk,630.85,468.02
17999.0,37,2,380.39,Loyal,115.07,142.8
18001.0,12,2,415.13,Loyal,309.69,349.94
18004.0,362,1,157.92,Hibernating,69.86,90.26
18005.0,4,2,226.47,Loyal,365.87,538.66
18006.0,23,1,444.68,Recent / one-off,325.99,239.76
18008.0,70,9,2116.19,At risk,551.12,378.66
18009.0,235,1,242.29,Hibernating,99.0,126.96
18010.0,257,1,174.8,Hibernating,92.61,141.08
18011.0,373,1,102.79,Hibernating,68.12,39.64
18013.0,155,2,187.29,At risk,134.28,139.06
18014.0,28,1,154.27,Recent / one-off,309.26,88.84
18015.0,4,1,120.03,Recent / one-off,410.3,212.49
18016.0,32,5,1477.66,Loyal,350.32,596.57
18017.0,81,3,523.0,At risk,175.35,175.62
18018.0,108,2,122.14,At risk,155.89,53.09
18019.0,52,1,38.45,Hibernating,250.22,263.0
18022.0,36,1,612.72,Recent / one-off,288.54,371.05
18024.0,153,2,236.78,At risk,136.1,186.25
18027.0,99,1,115.31,Hibernating,179.99,126.06
18030.0,4,2,220.7,Loyal,392.94,177.86
18032.0,334,1,73.5,Hibernating,74.71,20.36
18033.0,65,1,93.82,Hibernating,224.16,67.9
18034.0,22,2,418.68,Loyal,333.19,185.83
18035.0,36,3,713.89,Loyal,477.14,467.76
18036.0,32,3,403.12,Loyal,194.6,187.49
18037.0,154,6,70.02,At risk,97.96,50.7
18040.0,19,2,357.2,Loyal,141.44,279.27
18041.0,12,21,4075.12,Champions,835.02,1562.81
18042.0,54,1,165.05,Hibernating,246.13,220.43
18043.0,25,3,529.29,Loyal,130.72,199.91
18044.0,4,10,2085.65,Champions,506.26,824.69
18045.0,45,1,178.34,Recent / one-off,263.33,139.44
18048.0,203,2,172.29,At risk,110.63,180.24
18050.0,359,1,74.4,Hibernating,70.35,20.36
18053.0,71,1,297.07,Hibernating,216.13,204.16
18055.0,7,10,6729.29,Champions,1359.7,4324.92
18056.0,288,1,363.65,Hibernating,84.32,88.16
18058.0,10,1,170.16,Recent / one-off,384.15,152.7
18059.0,23,3,296.71,Loyal,375.62,458.21
18061.0,22,10,2119.41,Loyal,438.99,578.57
18062.0,173,3,720.52,At risk,202.79,336.69
18064.0,133,2,814.0,At risk,220.19,136.09
18065.0,6,14,2380.08,Champions,499.07,702.6
18066.0,75,1,318.0,Hibernating,208.65,328.23
18067.0,40,1,396.33,Recent / one-off,275.36,168.52
18068.0,289,1,101.7,Hibernating,84.09,28.84
18069.0,26,5,1994.39,Loyal,467.67,687.14
18071.0,258,2,453.0,At risk,116.06,220.85
18072.0,186,1,12.24,Hibernating,118.45,172.69
18073.0,114,12,3846.74,At risk,1403.67,808.99
18074.0,374,1,489.6,Hibernating,68.12,102.46
18075.0,23,10,2538.72,Loyal,575.99,859.78
18077.0,8,11,2584.41,Champions,575.52,948.02
18078.0,217,2,336.13,At risk,140.18,148.09
18079.0,45,4,3613.15,Loyal,656.76,1265.3
18080.0,19,2,1231.5,Loyal,211.21,275.54
18081.0,36,3,343.45,Loyal,276.61,110.53
18082.0,26,1,680.84,Recent / one-off,319.08,260.27
18084.0,16,1,87.53,Recent / one-off,352.69,75.69
18085.0,330,2,689.95,At risk,147.98,115.0
18086.0,274,1,101.34,Hibernating,87.76,67.43
18087.0,291,1,2917.32,Hibernating,83.85,78.62
18088.0,61,1,166.03,Hibernating,231.04,143.3
18092.0,2,11,9065.76,Champions,1633.0,4390.06
18093.0,93,4,2083.42,At risk,382.17,1000.41
18094.0,82,7,3017.3,At risk,704.85,2201.91
18095.0,313,2,580.05,At risk,127.79,88.26
18096.0,12,3,849.06,Loyal,719.12,585.31
18097.0,8,6,2657.45,Champions,593.36,828.19
18099.0,127,1,168.31,Hibernating,153.42,275.83
18101.0,11,2,222.4,Loyal,207.11,102.68
18102.0,1,60,259657.3,Champions,48278.14,33112.13
18104.0,37,1,754.64,Recent / one-off,283.12,257.81
18105.0,38,1,113.48,Recent / one-off,283.12,143.64
18106.0,330,1,421.9,Hibernating,75.65,63.06
18108.0,254,1,264.65,Hibernating,93.18,119.36
18109.0,2,26,7877.27,Champions,1653.06,4438.65
18110.0,20,1,168.55,Recent / one-off,340.73,185.38
18112.0,12,2,352.69,Loyal,201.49,180.3
18113.0,369,1,76.32,Hibernating,68.9,18.66
18114.0,290,1,220.1,Hibernating,83.85,77.1
18116.0,68,8,1399.51,At risk,345.81,414.23
18117.0,26,1,314.4,Recent / one-off,319.08,295.99
18118.0,11,26,5564.63,Champions,1137.22,2540.45
18119.0,368,1,180.7,Hibernating,69.06,94.62
18120.0,214,1,111.15,Hibernating,106.33,71.63
18121.0,149,2,653.3,At risk,165.72,350.52
18122.0,8,6,1791.84,Champions,837.62,1200.3
18123.0,24,2,574.44,Loyal,558.02,333.59
18125.0,30,4,1130.1,Loyal,227.09,375.38
18126.0,61,1,198.58,Hibernating,232.82,280.37
18127.0,19,3,347.08,Loyal,254.25,225.13
18129.0,243,1,112.55,Hibernating,96.47,66.47
18130.0,15,3,1045.74,Loyal,769.88,959.3
18133.0,212,1,931.5,Hibernating,107.09,53.72
18135.0,29,5,681.91,Loyal,337.64,293.41
18136.0,63,3,761.83,At risk,195.66,353.03
18138.0,295,1,152.65,Hibernating,82.7,64.43
18139.0,18,6,8418.18,Champions,2020.94,1853.24
18142.0,157,2,1014.9,At risk,326.2,178.02
18143.0,117,2,1000.16,At risk,360.98,455.12
18144.0,8,12,2888.75,Champions,635.33,916.74
18145.0,13,4,2861.55,Loyal,598.59,1571.11
18146.0,141,2,160.35,At risk,144.31,29.43
18147.0,46,2,179.34,Loyal,233.95,40.58
18149.0,51,3,612.08,Loyal,200.63,201.7
18150.0,32,3,566.58,Loyal,240.23,228.82
18151.0,135,2,653.35,At risk,172.76,336.86
18154.0,3,2,399.19,Loyal,437.65,308.1
18155.0,75,3,347.82,At risk,156.21,87.78
18156.0,13,2,675.64,Loyal,167.69,529.8
18158.0,9,2,451.75,Loyal,278.18,292.08
18159.0,301,1,530.15,Hibernating,81.36,81.82
18160.0,57,2,638.06,At risk,223.62,351.5
18161.0,15,5,1612.79,Champions,388.75,717.57
18164.0,37,1,394.7,Recent / one-off,283.12,121.61
18165.0,177,1,302.46,Hibernating,122.3,129.22
18167.0,23,3,1280.21,Loyal,587.83,526.43
18168.0,176,6,1123.74,At risk,262.22,298.4
18169.0,61,1,202.65,Hibernating,232.82,224.33
18170.0,33,3,980.31,Loyal,323.82,357.54
18171.0,59,5,1208.51,At risk,302.08,441.63
18172.0,15,20,7490.17,Champions,1495.76,4704.9
18173.0,87,4,2106.84,At risk,418.95,1009.19
18174.0,7,1,104.0,Recent / one-off,394.2,144.35
18176.0,358,1,448.65,Hibernating,70.51,64.34
18177.0,31,6,1313.62,Loyal,425.55,511.85
18178.0,129,4,1573.41,At risk,337.21,581.68
18179.0,9,6,1793.17,Champions,407.37,608.37
18180.0,5,6,1843.75,Champions,816.23,491.79
18181.0,24,1,366.85,Recent / one-off,322.5,196.23
18183.0,227,2,600.52,At risk,173.81,187.29
18184.0,15,1,49.8,Recent / one-off,356.86,59.66
18185.0,249,1,304.25,Hibernating,94.65,200.91
18188.0,15,3,1998.94,Loyal,463.6,1050.57
18189.0,78,2,1084.34,At risk,211.16,628.07
18190.0,192,2,274.51,At risk,110.32,139.72
18191.0,262,1,207.8,Hibernating,91.21,125.93
18192.0,72,1,957.97,Hibernating,214.59,254.48
18193.0,165,1,212.96,Hibernating,128.56,191.69
18194.0,82,1,896.0,Hibernating,199.0,196.21
18196.0,95,2,686.63,At risk,149.39,430.92
18198.0,4,17,5168.02,Champions,1172.79,1361.48
18200.0,106,1,150.35,Hibernating,171.78,115.03
18202.0,200,3,1396.99,At risk,280.31,525.73
18203.0,157,1,160.42,Hibernating,133.1,183.41
18204.0,71,3,1960.95,At risk,589.33,946.49
18205.0,36,2,517.36,Loyal,404.77,317.81
18209.0,29,1,139.1,Recent / one-off,309.26,137.89
18210.0,2,6,2621.38,Champions,753.98,1036.85
18211.0,26,5,600.07,Loyal,224.99,249.61
18212.0,326,1,216.07,Hibernating,76.22,77.81
18213.0,237,1,232.48,Hibernating,98.68,132.56
18215.0,89,1,299.34,Hibernating,190.21,218.9
18216.0,31,1,481.75,Recent / one-off,300.03,337.22
18217.0,29,2,621.75,Loyal,423.27,263.06
18218.0,211,2,606.22,At risk,177.15,256.49
18219.0,3,10,2019.77,Champions,454.74,607.87
18220.0,227,1,298.92,Hibernating,102.02,153.29
18221.0,22,5,1033.31,Loyal,381.72,484.53
18222.0,93,1,443.0,Hibernating,186.68,674.17
18223.0,5,14,6318.07,Champions,1309.78,2875.88
18224.0,264,1,158.95,Hibernating,90.66,108.13
18225.0,3,12,5356.86,Champions,1187.03,2425.0
18226.0,44,11,5192.1,Loyal,1139.62,2364.57
18227.0,218,1,93.75,Hibernating,105.22,55.93
18228.0,57,2,769.2,At risk,421.35,475.8
18229.0,12,20,7276.9,Champions,1496.07,2797.62
18230.0,9,7,2716.6,Champions,653.43,1103.07
18231.0,192,5,2054.67,At risk,535.14,515.4
18232.0,82,4,582.47,At risk,293.0,184.86
18233.0,326,1,440.0,Hibernating,76.41,85.95
18235.0,72,3,1796.48,At risk,522.37,767.85
18236.0,30,6,882.24,Loyal,338.24,339.6
18237.0,3,5,987.1,Champions,469.21,212.64
18239.0,219,5,1561.61,At risk,305.6,251.3
18240.0,46,1,422.58,Recent / one-off,261.05,348.93
18241.0,10,17,2058.09,Champions,668.6,853.28
18242.0,72,4,2232.49,At risk,690.93,624.96
18245.0,7,7,2507.56,Champions,535.67,1009.45
18246.0,24,2,596.1,Loyal,210.55,329.46
18248.0,123,2,783.02,At risk,227.06,267.93
18249.0,17,1,95.34,Recent / one-off,348.61,55.92
18250.0,310,1,342.92,Hibernating,79.43,59.73
18251.0,87,1,4314.72,Hibernating,192.64,3572.31
18252.0,51,2,518.27,Loyal,292.6,413.79
18255.0,89,1,103.3,Hibernating,190.21,125.96
18257.0,39,7,2274.03,Loyal,571.27,883.95
18259.0,25,3,2338.6,Loyal,456.52,1063.64
18260.0,173,6,2580.15,At risk,567.21,790.5
18261.0,43,2,324.24,Loyal,261.49,227.91
18262.0,140,1,149.48,Hibernating,143.9,97.69
18263.0,26,3,1211.08,Loyal,346.88,407.82
18265.0,72,2,801.51,At risk,262.66,403.34
18269.0,366,1,138.9,Hibernating,69.22,58.24
18270.0,38,2,244.9,Loyal,144.97,121.17
18272.0,3,6,3063.98,Champions,789.11,738.51
18273.0,2,3,204.0,Loyal,152.05,40.15
18276.0,44,1,323.36,Recent / one-off,268.01,343.95
18277.0,58,1,97.63,Hibernating,236.47,148.74
18278.0,74,1,173.9,Hibernating,211.58,124.47
18280.0,278,1,180.6,Hibernating,87.0,251.71
18281.0,181,1,80.82,Hibernating,120.83,39.48
18282.0,8,2,176.6,Loyal,211.36,37.5
18283.0,4,16,2039.58,Champions,521.83,527.03
18287.0,43,3,1837.28,Loyal,463.65,855.96
